insert into Lekarz ("ID", "Imie", "Nazwisko", "Specjalizacja", "Data_zatrudnienia", "Data_zwolnienia") values ('1', 'Mariusz', 'Kaczmarek', 'Kardiologia', '1990-10-19', null);
insert into Lekarz ("ID", "Imie", "Nazwisko", "Specjalizacja", "Data_zatrudnienia", "Data_zwolnienia") values ('2', 'Wanda', 'Sobczak', 'Chirurgia szczekowo-twarzowa', '1998-04-10', null);
insert into Lekarz ("ID", "Imie", "Nazwisko", "Specjalizacja", "Data_zatrudnienia", "Data_zwolnienia") values ('3', 'Izabela', 'Duda', 'Medycyna rodzinna', '1990-01-17', null);
insert into Lekarz ("ID", "Imie", "Nazwisko", "Specjalizacja", "Data_zatrudnienia", "Data_zwolnienia") values ('4', 'Zofia', 'Jakubowska', 'Onkologia kliniczna', '1999-04-10', null);
insert into Lekarz ("ID", "Imie", "Nazwisko", "Specjalizacja", "Data_zatrudnienia", "Data_zwolnienia") values ('5', 'Marta', 'Piotrowska', 'Psychiatria', '2000-06-23', null);
insert into Lekarz ("ID", "Imie", "Nazwisko", "Specjalizacja", "Data_zatrudnienia", "Data_zwolnienia") values ('6', 'Jacek', 'Olszewski', 'Chirurgia dziecieca', '1997-05-04', null);
insert into Lekarz ("ID", "Imie", "Nazwisko", "Specjalizacja", "Data_zatrudnienia", "Data_zwolnienia") values ('7', 'Dawid', 'Zalewski', 'Chirurgia klatki piersiowej', '1990-07-30', null);
insert into Lekarz ("ID", "Imie", "Nazwisko", "Specjalizacja", "Data_zatrudnienia", "Data_zwolnienia") values ('8', 'Maciej', 'Jablonski', 'Choroby wewnetrzne', '1997-01-01', null);
insert into Lekarz ("ID", "Imie", "Nazwisko", "Specjalizacja", "Data_zatrudnienia", "Data_zwolnienia") values ('9', 'Piotr', 'Michalak', 'Psychiatria', '1991-08-18', null);
insert into Lekarz ("ID", "Imie", "Nazwisko", "Specjalizacja", "Data_zatrudnienia", "Data_zwolnienia") values ('10', 'Michal', 'Gajewski', 'Mikrobiologia lekarska', '2000-02-21', null);
insert into Lekarz ("ID", "Imie", "Nazwisko", "Specjalizacja", "Data_zatrudnienia", "Data_zwolnienia") values ('11', 'Andrzej', 'Kaczmarek', 'Chirurgia szczekowo-twarzowa', '2000-09-27', null);
insert into Lekarz ("ID", "Imie", "Nazwisko", "Specjalizacja", "Data_zatrudnienia", "Data_zwolnienia") values ('12', 'Agnieszka', 'Wojciechowska', 'Radiologia i diagnostyka obrazowa', '1999-08-08', null);
insert into Lekarz ("ID", "Imie", "Nazwisko", "Specjalizacja", "Data_zatrudnienia", "Data_zwolnienia") values ('13', 'Bozena', 'Wisniewska', 'Onkologia kliniczna', '1998-08-09', null);
insert into Lekarz ("ID", "Imie", "Nazwisko", "Specjalizacja", "Data_zatrudnienia", "Data_zwolnienia") values ('14', 'Daniel', 'Zielinski', 'Diagnostyka laboratoryjna', '1997-09-27', null);
insert into Lekarz ("ID", "Imie", "Nazwisko", "Specjalizacja", "Data_zatrudnienia", "Data_zwolnienia") values ('15', 'Ewa', 'Sawicka', 'Medycyna pracy', '1990-05-25', null);
insert into Lekarz ("ID", "Imie", "Nazwisko", "Specjalizacja", "Data_zatrudnienia", "Data_zwolnienia") values ('16', 'Jadwiga', 'Makowska', 'Pediatria', '1991-02-07', null);
insert into Lekarz ("ID", "Imie", "Nazwisko", "Specjalizacja", "Data_zatrudnienia", "Data_zwolnienia") values ('17', 'Wojciech', 'Krol', 'Anestezjologia i intensywna terapia', '1990-11-07', null);
insert into Lekarz ("ID", "Imie", "Nazwisko", "Specjalizacja", "Data_zatrudnienia", "Data_zwolnienia") values ('18', 'Irena', 'Wlodarczyk', 'Onkologia kliniczna', '1990-09-15', '1998-10-15');
insert into Lekarz ("ID", "Imie", "Nazwisko", "Specjalizacja", "Data_zatrudnienia", "Data_zwolnienia") values ('19', 'Danuta', 'Wojcik', 'Transfuzjologia kliniczna', '1998-11-04', '1999-05-04');
insert into Lekarz ("ID", "Imie", "Nazwisko", "Specjalizacja", "Data_zatrudnienia", "Data_zwolnienia") values ('20', 'Iwona', 'Grabowska', 'Chirurgia dziecieca', '1997-10-06', null);
insert into Lekarz ("ID", "Imie", "Nazwisko", "Specjalizacja", "Data_zatrudnienia", "Data_zwolnienia") values ('21', 'Agnieszka', 'Brzezinska', 'Urologia', '2000-04-27', null);
insert into Lekarz ("ID", "Imie", "Nazwisko", "Specjalizacja", "Data_zatrudnienia", "Data_zwolnienia") values ('22', 'Maria', 'Pawlowska', 'Genetyka kliniczna', '2000-01-19', '2000-06-20');
insert into Lekarz ("ID", "Imie", "Nazwisko", "Specjalizacja", "Data_zatrudnienia", "Data_zwolnienia") values ('23', 'Wanda', 'Kolodziej', 'Medycyna nuklearna', '1997-04-09', null);
insert into Lekarz ("ID", "Imie", "Nazwisko", "Specjalizacja", "Data_zatrudnienia", "Data_zwolnienia") values ('24', 'Marcin', 'Wysocki', 'Neurologia', '1990-11-28', null);
insert into Lekarz ("ID", "Imie", "Nazwisko", "Specjalizacja", "Data_zatrudnienia", "Data_zwolnienia") values ('25', 'Sylwia', 'Tomaszewska', 'Medycyna ratunkowa', '1991-07-19', '1997-10-21');
insert into Lekarz ("ID", "Imie", "Nazwisko", "Specjalizacja", "Data_zatrudnienia", "Data_zwolnienia") values ('26', 'Wieslaw', 'Adamski', 'Kardiologia', '1998-06-06', null);
insert into Lekarz ("ID", "Imie", "Nazwisko", "Specjalizacja", "Data_zatrudnienia", "Data_zwolnienia") values ('27', 'Slawomir', 'Zajac', 'Onkologia kliniczna', '1992-08-16', null);
insert into Lekarz ("ID", "Imie", "Nazwisko", "Specjalizacja", "Data_zatrudnienia", "Data_zwolnienia") values ('28', 'Ewa', 'Zielinska', 'Anestezjologia i intensywna terapia', '1992-09-03', null);
insert into Lekarz ("ID", "Imie", "Nazwisko", "Specjalizacja", "Data_zatrudnienia", "Data_zwolnienia") values ('29', 'Stanislaw', 'Rutkowski', 'Ortopedia i traumatologia narzadu ruchu', '1997-02-26', null);
insert into Lekarz ("ID", "Imie", "Nazwisko", "Specjalizacja", "Data_zatrudnienia", "Data_zwolnienia") values ('30', 'Elzbieta', 'Zielinska', 'Ortopedia i traumatologia narzadu ruchu', '1996-11-27', null);
insert into Lekarz ("ID", "Imie", "Nazwisko", "Specjalizacja", "Data_zatrudnienia", "Data_zwolnienia") values ('31', 'Sylwia', 'Makowska', 'Diagnostyka laboratoryjna', '1991-06-19', null);
insert into Lekarz ("ID", "Imie", "Nazwisko", "Specjalizacja", "Data_zatrudnienia", "Data_zwolnienia") values ('32', 'Bozena', 'Wroblewska', 'Dermatologia i wenerologia', '1991-07-20', null);
insert into Lekarz ("ID", "Imie", "Nazwisko", "Specjalizacja", "Data_zatrudnienia", "Data_zwolnienia") values ('33', 'Stefania', 'Kozlowska', 'Audiologia i foniatria', '1999-08-12', null);
insert into Lekarz ("ID", "Imie", "Nazwisko", "Specjalizacja", "Data_zatrudnienia", "Data_zwolnienia") values ('34', 'Natalia', 'Andrzejewska', 'Choroby wewnetrzne', '1998-04-22', null);
insert into Lekarz ("ID", "Imie", "Nazwisko", "Specjalizacja", "Data_zatrudnienia", "Data_zwolnienia") values ('35', 'Marzena', 'Jasinska', 'Anestezjologia i intensywna terapia', '1996-03-06', null);
insert into Lekarz ("ID", "Imie", "Nazwisko", "Specjalizacja", "Data_zatrudnienia", "Data_zwolnienia") values ('36', 'Jozef', 'Sadowski', 'Neurologia', '1997-11-24', null);
insert into Lekarz ("ID", "Imie", "Nazwisko", "Specjalizacja", "Data_zatrudnienia", "Data_zwolnienia") values ('37', 'Alicja', 'Zawadzka', 'Medycyna transportu', '1991-05-11', null);
insert into Lekarz ("ID", "Imie", "Nazwisko", "Specjalizacja", "Data_zatrudnienia", "Data_zwolnienia") values ('38', 'Jan', 'Gorski', 'Anestezjologia i intensywna terapia', '1998-04-18', null);
insert into Lekarz ("ID", "Imie", "Nazwisko", "Specjalizacja", "Data_zatrudnienia", "Data_zwolnienia") values ('39', 'Sebastian', 'Jablonski', 'Radioterapia onkologiczna', '2000-12-01', null);
insert into Lekarz ("ID", "Imie", "Nazwisko", "Specjalizacja", "Data_zatrudnienia", "Data_zwolnienia") values ('40', 'Patrycja', 'Zajac', 'Diagnostyka laboratoryjna', '2000-10-06', null);
insert into Lekarz ("ID", "Imie", "Nazwisko", "Specjalizacja", "Data_zatrudnienia", "Data_zwolnienia") values ('41', 'Genowefa', 'Czerwinska', 'Choroby zakazne', '1996-08-01', null);
insert into Lekarz ("ID", "Imie", "Nazwisko", "Specjalizacja", "Data_zatrudnienia", "Data_zwolnienia") values ('42', 'Michal', 'Nowak', 'Chirurgia ogolna', '1997-05-28', null);
insert into Lekarz ("ID", "Imie", "Nazwisko", "Specjalizacja", "Data_zatrudnienia", "Data_zwolnienia") values ('43', 'Bozena', 'Piotrowska', 'Psychiatria', '1991-09-27', null);
insert into Lekarz ("ID", "Imie", "Nazwisko", "Specjalizacja", "Data_zatrudnienia", "Data_zwolnienia") values ('44', 'Maciej', 'Wasilewski', 'Audiologia i foniatria', '1990-02-19', null);
insert into Lekarz ("ID", "Imie", "Nazwisko", "Specjalizacja", "Data_zatrudnienia", "Data_zwolnienia") values ('45', 'Ewa', 'Pawlak', 'Pediatria', '2000-06-16', null);
insert into Lekarz ("ID", "Imie", "Nazwisko", "Specjalizacja", "Data_zatrudnienia", "Data_zwolnienia") values ('46', 'Edward', 'Lis', 'Urologia', '1991-07-24', null);
insert into Lekarz ("ID", "Imie", "Nazwisko", "Specjalizacja", "Data_zatrudnienia", "Data_zwolnienia") values ('47', 'Mieczyslaw', 'Andrzejewski', 'Urologia', '1997-05-03', null);
insert into Lekarz ("ID", "Imie", "Nazwisko", "Specjalizacja", "Data_zatrudnienia", "Data_zwolnienia") values ('48', 'Wieslawa', 'Szymczak', 'Chirurgia dziecieca', '2000-10-22', null);
insert into Lekarz ("ID", "Imie", "Nazwisko", "Specjalizacja", "Data_zatrudnienia", "Data_zwolnienia") values ('49', 'Wanda', 'Zakrzewska', 'Okulistyka', '1991-07-19', null);
insert into Lekarz ("ID", "Imie", "Nazwisko", "Specjalizacja", "Data_zatrudnienia", "Data_zwolnienia") values ('50', 'Jolanta', 'Sokolowska', 'Choroby zakazne', '1993-10-31', null);
insert into Lekarz ("ID", "Imie", "Nazwisko", "Specjalizacja", "Data_zatrudnienia", "Data_zwolnienia") values ('51', 'Katarzyna', 'Urbanska', 'Okulistyka', '1999-10-18', null);
insert into Pielegniarka ("ID", "Imie", "Nazwisko", "Data zatrudnienia", "Data zwolnienia") values ('1', 'Helena', 'Stepien', '1998-08-10', null);
insert into Pielegniarka ("ID", "Imie", "Nazwisko", "Data zatrudnienia", "Data zwolnienia") values ('2', 'Bozena', 'Dabrowska', '1999-07-05', null);
insert into Pielegniarka ("ID", "Imie", "Nazwisko", "Data zatrudnienia", "Data zwolnienia") values ('3', 'Irena', 'Kucharska', '1995-11-12', null);
insert into Pielegniarka ("ID", "Imie", "Nazwisko", "Data zatrudnienia", "Data zwolnienia") values ('4', 'Barbara', 'Wozniak', '1999-05-10', null);
insert into Pielegniarka ("ID", "Imie", "Nazwisko", "Data zatrudnienia", "Data zwolnienia") values ('5', 'Halina', 'Sikora', '1993-09-24', null);
insert into Pielegniarka ("ID", "Imie", "Nazwisko", "Data zatrudnienia", "Data zwolnienia") values ('6', 'Agata', 'Zawadzka', '1991-12-27', null);
insert into Pielegniarka ("ID", "Imie", "Nazwisko", "Data zatrudnienia", "Data zwolnienia") values ('7', 'Karolina', 'Wasilewska', '1993-05-30', null);
insert into Pielegniarka ("ID", "Imie", "Nazwisko", "Data zatrudnienia", "Data zwolnienia") values ('8', 'Edyta', 'Marciniak', '1991-08-13', null);
insert into Pielegniarka ("ID", "Imie", "Nazwisko", "Data zatrudnienia", "Data zwolnienia") values ('9', 'Alicja', 'Baranowska', '1999-06-19', null);
insert into Pielegniarka ("ID", "Imie", "Nazwisko", "Data zatrudnienia", "Data zwolnienia") values ('10', 'Agata', 'Borkowska', '1993-11-09', null);
insert into Pielegniarka ("ID", "Imie", "Nazwisko", "Data zatrudnienia", "Data zwolnienia") values ('11', 'Helena', 'Jakubowska', '2000-04-22', null);
insert into Pielegniarka ("ID", "Imie", "Nazwisko", "Data zatrudnienia", "Data zwolnienia") values ('12', 'Irena', 'Baran', '1990-02-27', null);
insert into Pielegniarka ("ID", "Imie", "Nazwisko", "Data zatrudnienia", "Data zwolnienia") values ('13', 'Beata', 'Wojcik', '1999-09-21', null);
insert into Pielegniarka ("ID", "Imie", "Nazwisko", "Data zatrudnienia", "Data zwolnienia") values ('14', 'Stefania', 'Chmielewska', '1991-12-03', null);
insert into Pielegniarka ("ID", "Imie", "Nazwisko", "Data zatrudnienia", "Data zwolnienia") values ('15', 'Agata', 'Nowicka', '1993-02-03', null);
insert into Pielegniarka ("ID", "Imie", "Nazwisko", "Data zatrudnienia", "Data zwolnienia") values ('16', 'Teresa', 'Gajewska', '1991-08-14', null);
insert into Pielegniarka ("ID", "Imie", "Nazwisko", "Data zatrudnienia", "Data zwolnienia") values ('17', 'Paulina', 'Nowak', '1998-10-30', null);
insert into Pielegniarka ("ID", "Imie", "Nazwisko", "Data zatrudnienia", "Data zwolnienia") values ('18', 'Helena', 'Grabowska', '1993-11-19', null);
insert into Pielegniarka ("ID", "Imie", "Nazwisko", "Data zatrudnienia", "Data zwolnienia") values ('19', 'Bozena', 'Kaczmarek', '1993-06-20', null);
insert into Pielegniarka ("ID", "Imie", "Nazwisko", "Data zatrudnienia", "Data zwolnienia") values ('20', 'Helena', 'Urbanska', '1995-02-10', null);
insert into Pielegniarka ("ID", "Imie", "Nazwisko", "Data zatrudnienia", "Data zwolnienia") values ('21', 'Iwona', 'Czerwinska', '1998-09-11', null);
insert into Pielegniarka ("ID", "Imie", "Nazwisko", "Data zatrudnienia", "Data zwolnienia") values ('22', 'Jolanta', 'Pawlak', '1990-10-22', null);
insert into Pielegniarka ("ID", "Imie", "Nazwisko", "Data zatrudnienia", "Data zwolnienia") values ('23', 'Magdalena', 'Jablonska', '1995-01-14', null);
insert into Pielegniarka ("ID", "Imie", "Nazwisko", "Data zatrudnienia", "Data zwolnienia") values ('24', 'Beata', 'Kalinowska', '1994-10-16', null);
insert into Pielegniarka ("ID", "Imie", "Nazwisko", "Data zatrudnienia", "Data zwolnienia") values ('25', 'Kazimiera', 'Szymanska', '1997-04-07', null);
insert into Pielegniarka ("ID", "Imie", "Nazwisko", "Data zatrudnienia", "Data zwolnienia") values ('26', 'Beata', 'Jankowska', '2000-04-22', null);
insert into Pielegniarka ("ID", "Imie", "Nazwisko", "Data zatrudnienia", "Data zwolnienia") values ('27', 'Aleksandra', 'Walczak', '1994-04-30', null);
insert into Pielegniarka ("ID", "Imie", "Nazwisko", "Data zatrudnienia", "Data zwolnienia") values ('28', 'Ewa', 'Kaczmarek', '1996-02-03', null);
insert into Pielegniarka ("ID", "Imie", "Nazwisko", "Data zatrudnienia", "Data zwolnienia") values ('29', 'Ewelina', 'Jakubowska', '1994-02-11', null);
insert into Pielegniarka ("ID", "Imie", "Nazwisko", "Data zatrudnienia", "Data zwolnienia") values ('30', 'Agata', 'Kaminska', '1996-05-10', null);
insert into Pielegniarka ("ID", "Imie", "Nazwisko", "Data zatrudnienia", "Data zwolnienia") values ('31', 'Jolanta', 'Majewska', '1990-06-23', null);
insert into Pielegniarka ("ID", "Imie", "Nazwisko", "Data zatrudnienia", "Data zwolnienia") values ('32', 'Ewa', 'Jablonska', '1998-10-22', null);
insert into Pielegniarka ("ID", "Imie", "Nazwisko", "Data zatrudnienia", "Data zwolnienia") values ('33', 'Agata', 'Makowska', '1998-09-17', null);
insert into Pielegniarka ("ID", "Imie", "Nazwisko", "Data zatrudnienia", "Data zwolnienia") values ('34', 'Natalia', 'Kaczmarek', '1993-05-02', null);
insert into Pielegniarka ("ID", "Imie", "Nazwisko", "Data zatrudnienia", "Data zwolnienia") values ('35', 'Urszula', 'Jasinska', '1993-01-02', null);
insert into Pielegniarka ("ID", "Imie", "Nazwisko", "Data zatrudnienia", "Data zwolnienia") values ('36', 'Iwona', 'Baran', '1998-09-03', null);
insert into Pielegniarka ("ID", "Imie", "Nazwisko", "Data zatrudnienia", "Data zwolnienia") values ('37', 'Grazyna', 'Gajewska', '1990-07-28', '1994-10-20');
insert into Pielegniarka ("ID", "Imie", "Nazwisko", "Data zatrudnienia", "Data zwolnienia") values ('38', 'Agata', 'Wroblewska', '1995-06-27', null);
insert into Pielegniarka ("ID", "Imie", "Nazwisko", "Data zatrudnienia", "Data zwolnienia") values ('39', 'Patrycja', 'Ostrowska', '1997-07-26', null);
insert into Pielegniarka ("ID", "Imie", "Nazwisko", "Data zatrudnienia", "Data zwolnienia") values ('40', 'Ewa', 'Baranowska', '1999-12-17', null);
insert into Pielegniarka ("ID", "Imie", "Nazwisko", "Data zatrudnienia", "Data zwolnienia") values ('41', 'Sylwia', 'Baran', '1990-08-03', null);
insert into Pielegniarka ("ID", "Imie", "Nazwisko", "Data zatrudnienia", "Data zwolnienia") values ('42', 'Grazyna', 'Wrobel', '1999-01-14', null);
insert into Pielegniarka ("ID", "Imie", "Nazwisko", "Data zatrudnienia", "Data zwolnienia") values ('43', 'Magdalena', 'Pietrzak', '1996-05-14', null);
insert into Pielegniarka ("ID", "Imie", "Nazwisko", "Data zatrudnienia", "Data zwolnienia") values ('44', 'Izabela', 'Zielinska', '1990-07-16', null);
insert into Pielegniarka ("ID", "Imie", "Nazwisko", "Data zatrudnienia", "Data zwolnienia") values ('45', 'Helena', 'Borkowska', '1994-02-08', null);
insert into Pielegniarka ("ID", "Imie", "Nazwisko", "Data zatrudnienia", "Data zwolnienia") values ('46', 'Marianna', 'Sokolowska', '1993-01-09', null);
insert into Pielegniarka ("ID", "Imie", "Nazwisko", "Data zatrudnienia", "Data zwolnienia") values ('47', 'Ewelina', 'Chmielewska', '1999-11-29', null);
insert into Pielegniarka ("ID", "Imie", "Nazwisko", "Data zatrudnienia", "Data zwolnienia") values ('48', 'Jolanta', 'Jasinska', '1999-09-10', null);
insert into Pielegniarka ("ID", "Imie", "Nazwisko", "Data zatrudnienia", "Data zwolnienia") values ('49', 'Joanna', 'Kozlowska', '1995-11-03', '1999-11-19');
insert into Pielegniarka ("ID", "Imie", "Nazwisko", "Data zatrudnienia", "Data zwolnienia") values ('50', 'Helena', 'Wojciechowska', '2000-02-29', null);
insert into Pielegniarka ("ID", "Imie", "Nazwisko", "Data zatrudnienia", "Data zwolnienia") values ('51', 'Helena', 'Glowacka', '1995-10-04', null);
insert into Pacjent ("Pesel", "Imie", "Nazwisko", "Data_urodzenia") values ('92062625682', 'Edward', 'Maciejewski', '1992-06-26');
insert into Pacjent ("Pesel", "Imie", "Nazwisko", "Data_urodzenia") values ('23111025747', 'Michal', 'Pietrzak', '1923-11-10');
insert into Pacjent ("Pesel", "Imie", "Nazwisko", "Data_urodzenia") values ('30111146972', 'Kazimiera', 'Sadowska', '1930-11-11');
insert into Pacjent ("Pesel", "Imie", "Nazwisko", "Data_urodzenia") values ('98061695831', 'Zofia', 'Szewczyk', '1998-06-16');
insert into Pacjent ("Pesel", "Imie", "Nazwisko", "Data_urodzenia") values ('09100493755', 'Karolina', 'Wilk', '1909-10-04');
insert into Pacjent ("Pesel", "Imie", "Nazwisko", "Data_urodzenia") values ('55062916561', 'Izabela', 'Baran', '1955-06-29');
insert into Pacjent ("Pesel", "Imie", "Nazwisko", "Data_urodzenia") values ('34041031448', 'Janina', 'Kowalska', '1934-04-10');
insert into Pacjent ("Pesel", "Imie", "Nazwisko", "Data_urodzenia") values ('91122627646', 'Anna', 'Nowakowska', '1891-12-26');
insert into Pacjent ("Pesel", "Imie", "Nazwisko", "Data_urodzenia") values ('17040154597', 'Sebastian', 'Wasilewski', '1917-04-01');
insert into Pacjent ("Pesel", "Imie", "Nazwisko", "Data_urodzenia") values ('27060321465', 'Tomasz', 'Zalewski', '1927-06-03');
insert into Pacjent ("Pesel", "Imie", "Nazwisko", "Data_urodzenia") values ('19111291262', 'Roman', 'Jasinski', '1919-11-12');
insert into Pacjent ("Pesel", "Imie", "Nazwisko", "Data_urodzenia") values ('22061284103', 'Robert', 'Wasilewski', '1922-06-12');
insert into Pacjent ("Pesel", "Imie", "Nazwisko", "Data_urodzenia") values ('52121453028', 'Maria', 'Dabrowska', '1952-12-14');
insert into Pacjent ("Pesel", "Imie", "Nazwisko", "Data_urodzenia") values ('07062273077', 'Stefania', 'Tomaszewska', '1907-06-22');
insert into Pacjent ("Pesel", "Imie", "Nazwisko", "Data_urodzenia") values ('77091959710', 'Jadwiga', 'Szymanska', '1977-09-19');
insert into Pacjent ("Pesel", "Imie", "Nazwisko", "Data_urodzenia") values ('65080853888', 'Czeslaw', 'Kolodziej', '1965-08-08');
insert into Pacjent ("Pesel", "Imie", "Nazwisko", "Data_urodzenia") values ('10032480422', 'Danuta', 'Szczepanska', '1910-03-24');
insert into Pacjent ("Pesel", "Imie", "Nazwisko", "Data_urodzenia") values ('89080867139', 'Bozena', 'Wrobel', '1989-08-08');
insert into Pacjent ("Pesel", "Imie", "Nazwisko", "Data_urodzenia") values ('51102513149', 'Renata', 'Zielinska', '1951-10-25');
insert into Pacjent ("Pesel", "Imie", "Nazwisko", "Data_urodzenia") values ('91040338735', 'Jozef', 'Czerwinski', '1991-04-03');
insert into Pacjent ("Pesel", "Imie", "Nazwisko", "Data_urodzenia") values ('30012252474', 'Aneta', 'Baran', '1930-01-22');
insert into Pacjent ("Pesel", "Imie", "Nazwisko", "Data_urodzenia") values ('10033176545', 'Paulina', 'Wrobel', '1910-03-31');
insert into Pacjent ("Pesel", "Imie", "Nazwisko", "Data_urodzenia") values ('00070574335', 'Jan', 'Kaczmarek', '1900-07-05');
insert into Pacjent ("Pesel", "Imie", "Nazwisko", "Data_urodzenia") values ('92041069189', 'Genowefa', 'Glowacka', '1992-04-10');
insert into Pacjent ("Pesel", "Imie", "Nazwisko", "Data_urodzenia") values ('70073053416', 'Aneta', 'Glowacka', '1970-07-30');
insert into Pacjent ("Pesel", "Imie", "Nazwisko", "Data_urodzenia") values ('25081681767', 'Janina', 'Kowalska', '1925-08-16');
insert into Pacjent ("Pesel", "Imie", "Nazwisko", "Data_urodzenia") values ('86121689859', 'Jakub', 'Wojcik', '1986-12-16');
insert into Pacjent ("Pesel", "Imie", "Nazwisko", "Data_urodzenia") values ('72030640994', 'Marianna', 'Czarnecka', '1972-03-06');
insert into Pacjent ("Pesel", "Imie", "Nazwisko", "Data_urodzenia") values ('69011977079', 'Edyta', 'Michalska', '1969-01-19');
insert into Pacjent ("Pesel", "Imie", "Nazwisko", "Data_urodzenia") values ('58032171889', 'Urszula', 'Andrzejewska', '1958-03-21');
insert into Pacjent ("Pesel", "Imie", "Nazwisko", "Data_urodzenia") values ('74061339893', 'Paulina', 'Szymanska', '1974-06-13');
insert into Pacjent ("Pesel", "Imie", "Nazwisko", "Data_urodzenia") values ('68092968775', 'Wieslawa', 'Szewczyk', '1968-09-29');
insert into Pacjent ("Pesel", "Imie", "Nazwisko", "Data_urodzenia") values ('90041230732', 'Katarzyna', 'Kowalska', '1990-04-12');
insert into Pacjent ("Pesel", "Imie", "Nazwisko", "Data_urodzenia") values ('27081983305', 'Alicja', 'Czarnecka', '1927-08-19');
insert into Pacjent ("Pesel", "Imie", "Nazwisko", "Data_urodzenia") values ('56072965478', 'Jolanta', 'Zielinska', '1956-07-29');
insert into Pacjent ("Pesel", "Imie", "Nazwisko", "Data_urodzenia") values ('06091752171', 'Jerzy', 'Kubiak', '1906-09-17');
insert into Pacjent ("Pesel", "Imie", "Nazwisko", "Data_urodzenia") values ('24032438808', 'Lukasz', 'Czarnecki', '1924-03-24');
insert into Pacjent ("Pesel", "Imie", "Nazwisko", "Data_urodzenia") values ('20111061220', 'Edyta', 'Ostrowska', '1920-11-10');
insert into Pacjent ("Pesel", "Imie", "Nazwisko", "Data_urodzenia") values ('93111888902', 'Michal', 'Sobczak', '1893-11-18');
insert into Pacjent ("Pesel", "Imie", "Nazwisko", "Data_urodzenia") values ('73120665794', 'Maciej', 'Szymczak', '1973-12-06');
insert into Pacjent ("Pesel", "Imie", "Nazwisko", "Data_urodzenia") values ('72011137466', 'Tomasz', 'Marciniak', '1972-01-11');
insert into Pacjent ("Pesel", "Imie", "Nazwisko", "Data_urodzenia") values ('93031513350', 'Marta', 'Lis', '1893-03-15');
insert into Pacjent ("Pesel", "Imie", "Nazwisko", "Data_urodzenia") values ('95052188348', 'Maria', 'Michalak', '1995-05-21');
insert into Pacjent ("Pesel", "Imie", "Nazwisko", "Data_urodzenia") values ('38020146365', 'Beata', 'Kolodziej', '1938-02-01');
insert into Pacjent ("Pesel", "Imie", "Nazwisko", "Data_urodzenia") values ('56080341970', 'Natalia', 'Stepien', '1956-08-03');
insert into Pacjent ("Pesel", "Imie", "Nazwisko", "Data_urodzenia") values ('96081782710', 'Renata', 'Malinowska', '1996-08-17');
insert into Pacjent ("Pesel", "Imie", "Nazwisko", "Data_urodzenia") values ('19040854757', 'Piotr', 'Rutkowski', '1919-04-08');
insert into Pacjent ("Pesel", "Imie", "Nazwisko", "Data_urodzenia") values ('99120645102', 'Marianna', 'Wrobel', '1999-12-06');
insert into Pacjent ("Pesel", "Imie", "Nazwisko", "Data_urodzenia") values ('61120530569', 'Teresa', 'Michalak', '1961-12-05');
insert into Pacjent ("Pesel", "Imie", "Nazwisko", "Data_urodzenia") values ('32081413983', 'Genowefa', 'Kowalczyk', '1932-08-14');
insert into Pacjent ("Pesel", "Imie", "Nazwisko", "Data_urodzenia") values ('60070581079', 'Anna', 'Laskowska', '1960-07-05');
insert into Pacjent ("Pesel", "Imie", "Nazwisko", "Data_urodzenia") values ('28032270712', 'Wieslawa', 'Rutkowska', '1928-03-22');
insert into Pacjent ("Pesel", "Imie", "Nazwisko", "Data_urodzenia") values ('35102829579', 'Tomasz', 'Wroblewski', '1935-10-28');
insert into Pacjent ("Pesel", "Imie", "Nazwisko", "Data_urodzenia") values ('19111790775', 'Damian', 'Przybylski', '1919-11-17');
insert into Pacjent ("Pesel", "Imie", "Nazwisko", "Data_urodzenia") values ('99040489483', 'Izabela', 'Kaczmarek', '1899-04-04');
insert into Pacjent ("Pesel", "Imie", "Nazwisko", "Data_urodzenia") values ('66110925780', 'Jerzy', 'Zielinski', '1966-11-09');
insert into Pacjent ("Pesel", "Imie", "Nazwisko", "Data_urodzenia") values ('55040730329', 'Jolanta', 'Wysocka', '1955-04-07');
insert into Pacjent ("Pesel", "Imie", "Nazwisko", "Data_urodzenia") values ('25090725156', 'Pawel', 'Lewandowski', '1925-09-07');
insert into Pacjent ("Pesel", "Imie", "Nazwisko", "Data_urodzenia") values ('10022787086', 'Natalia', 'Pietrzak', '1910-02-27');
insert into Pacjent ("Pesel", "Imie", "Nazwisko", "Data_urodzenia") values ('59071423836', 'Aneta', 'Brzezinska', '1959-07-14');
insert into Pacjent ("Pesel", "Imie", "Nazwisko", "Data_urodzenia") values ('45052593420', 'Agnieszka', 'Sikora', '1945-05-25');
insert into Pacjent ("Pesel", "Imie", "Nazwisko", "Data_urodzenia") values ('01081285088', 'Tomasz', 'Kaczmarek', '1901-08-12');
insert into Pacjent ("Pesel", "Imie", "Nazwisko", "Data_urodzenia") values ('98080372151', 'Karol', 'Sawicki', '1998-08-03');
insert into Pacjent ("Pesel", "Imie", "Nazwisko", "Data_urodzenia") values ('82082255013', 'Jaroslaw', 'Makowski', '1982-08-22');
insert into Pacjent ("Pesel", "Imie", "Nazwisko", "Data_urodzenia") values ('41123076163', 'Zbigniew', 'Pawlak', '1941-12-30');
insert into Pacjent ("Pesel", "Imie", "Nazwisko", "Data_urodzenia") values ('73060123744', 'Krzysztof', 'Wojcik', '1973-06-01');
insert into Pacjent ("Pesel", "Imie", "Nazwisko", "Data_urodzenia") values ('95012730851', 'Paulina', 'Szczepanska', '1895-01-27');
insert into Pacjent ("Pesel", "Imie", "Nazwisko", "Data_urodzenia") values ('30050652117', 'Kamil', 'Nowicki', '1930-05-06');
insert into Pacjent ("Pesel", "Imie", "Nazwisko", "Data_urodzenia") values ('97090697557', 'Renata', 'Marciniak', '1997-09-06');
insert into Pacjent ("Pesel", "Imie", "Nazwisko", "Data_urodzenia") values ('81052593625', 'Barbara', 'Jasinska', '1981-05-25');
insert into Pacjent ("Pesel", "Imie", "Nazwisko", "Data_urodzenia") values ('00061353753', 'Jolanta', 'Laskowska', '2000-06-13');
insert into Pacjent ("Pesel", "Imie", "Nazwisko", "Data_urodzenia") values ('77050915288', 'Dorota', 'Jasinska', '1977-05-09');
insert into Pacjent ("Pesel", "Imie", "Nazwisko", "Data_urodzenia") values ('54092135806', 'Ewa', 'Olszewska', '1954-09-21');
insert into Pacjent ("Pesel", "Imie", "Nazwisko", "Data_urodzenia") values ('33110736284', 'Stefania', 'Szczepanska', '1933-11-07');
insert into Pacjent ("Pesel", "Imie", "Nazwisko", "Data_urodzenia") values ('67082439145', 'Stanislawa', 'Jaworska', '1967-08-24');
insert into Pacjent ("Pesel", "Imie", "Nazwisko", "Data_urodzenia") values ('07082166642', 'Marzena', 'Urbanska', '1907-08-21');
insert into Pacjent ("Pesel", "Imie", "Nazwisko", "Data_urodzenia") values ('94050246891', 'Marzena', 'Gorska', '1894-05-02');
insert into Pacjent ("Pesel", "Imie", "Nazwisko", "Data_urodzenia") values ('50021269559', 'Agata', 'Wasilewska', '1950-02-12');
insert into Pacjent ("Pesel", "Imie", "Nazwisko", "Data_urodzenia") values ('60110198912', 'Jadwiga', 'Ziolkowska', '1960-11-01');
insert into Pacjent ("Pesel", "Imie", "Nazwisko", "Data_urodzenia") values ('34021876149', 'Aneta', 'Kazmierczak', '1934-02-18');
insert into Pacjent ("Pesel", "Imie", "Nazwisko", "Data_urodzenia") values ('09121749665', 'Robert', 'Majewski', '1909-12-17');
insert into Pacjent ("Pesel", "Imie", "Nazwisko", "Data_urodzenia") values ('32011417715', 'Kazimierz', 'Szulc', '1932-01-14');
insert into Pacjent ("Pesel", "Imie", "Nazwisko", "Data_urodzenia") values ('74010462437', 'Karolina', 'Brzezinska', '1974-01-04');
insert into Pacjent ("Pesel", "Imie", "Nazwisko", "Data_urodzenia") values ('74020227929', 'Wieslaw', 'Michalak', '1974-02-02');
insert into Pacjent ("Pesel", "Imie", "Nazwisko", "Data_urodzenia") values ('90102775352', 'Genowefa', 'Gajewska', '1890-10-27');
insert into Pacjent ("Pesel", "Imie", "Nazwisko", "Data_urodzenia") values ('23091729964', 'Waldemar', 'Adamski', '1923-09-17');
insert into Pacjent ("Pesel", "Imie", "Nazwisko", "Data_urodzenia") values ('65020978465', 'Ewa', 'Kalinowska', '1965-02-09');
insert into Pacjent ("Pesel", "Imie", "Nazwisko", "Data_urodzenia") values ('90061959505', 'Beata', 'Gajewska', '1890-06-19');
insert into Pacjent ("Pesel", "Imie", "Nazwisko", "Data_urodzenia") values ('37102383799', 'Wladyslaw', 'Zalewski', '1937-10-23');
insert into Pacjent ("Pesel", "Imie", "Nazwisko", "Data_urodzenia") values ('86020210200', 'Anna', 'Krajewska', '1986-02-02');
insert into Pacjent ("Pesel", "Imie", "Nazwisko", "Data_urodzenia") values ('87060350401', 'Malgorzata', 'Kowalska', '1987-06-03');
insert into Pacjent ("Pesel", "Imie", "Nazwisko", "Data_urodzenia") values ('35091356741', 'Marzena', 'Zawadzka', '1935-09-13');
insert into Pacjent ("Pesel", "Imie", "Nazwisko", "Data_urodzenia") values ('99070348197', 'Agnieszka', 'Dudek', '1899-07-03');
insert into Pacjent ("Pesel", "Imie", "Nazwisko", "Data_urodzenia") values ('98061441023', 'Paulina', 'Grabowska', '1998-06-14');
insert into Pacjent ("Pesel", "Imie", "Nazwisko", "Data_urodzenia") values ('20081721791', 'Magdalena', 'Gajewska', '1920-08-17');
insert into Pacjent ("Pesel", "Imie", "Nazwisko", "Data_urodzenia") values ('18011028009', 'Anna', 'Sawicka', '1918-01-10');
insert into Pacjent ("Pesel", "Imie", "Nazwisko", "Data_urodzenia") values ('44090833172', 'Jan', 'Duda', '1944-09-08');
insert into Pacjent ("Pesel", "Imie", "Nazwisko", "Data_urodzenia") values ('88061210733', 'Jozef', 'Dabrowski', '1988-06-12');
insert into Pacjent ("Pesel", "Imie", "Nazwisko", "Data_urodzenia") values ('46072873499', 'Przemyslaw', 'Wisniewski', '1946-07-28');
insert into Pacjent ("Pesel", "Imie", "Nazwisko", "Data_urodzenia") values ('97102217021', 'Karolina', 'Marciniak', '1897-10-22');
insert into Pacjent ("Pesel", "Imie", "Nazwisko", "Data_urodzenia") values ('42082349927', 'Tadeusz', 'Wysocki', '1942-08-23');
insert into Pobyt ("ID", "ID_pacjenta", "Data_przyjecia", "Data_wypisania") values ('1', '37102383799', '1999-06-10', '1999-12-13');
insert into Pobyt ("ID", "ID_pacjenta", "Data_przyjecia", "Data_wypisania") values ('2', '97090697557', '1995-03-28', '1998-02-08');
insert into Pobyt ("ID", "ID_pacjenta", "Data_przyjecia", "Data_wypisania") values ('3', '42082349927', '1992-12-11', '1999-03-15');
insert into Pobyt ("ID", "ID_pacjenta", "Data_przyjecia", "Data_wypisania") values ('4', '86020210200', '1991-12-12', '1992-12-17');
insert into Pobyt ("ID", "ID_pacjenta", "Data_przyjecia", "Data_wypisania") values ('5', '30012252474', '1999-07-17', '2000-04-19');
insert into Pobyt ("ID", "ID_pacjenta", "Data_przyjecia", "Data_wypisania") values ('6', '69011977079', '1997-11-21', '2000-10-25');
insert into Pobyt ("ID", "ID_pacjenta", "Data_przyjecia", "Data_wypisania") values ('7', '95012730851', '1999-04-08', '2000-10-30');
insert into Pobyt ("ID", "ID_pacjenta", "Data_przyjecia", "Data_wypisania") values ('8', '90102775352', '1995-11-20', '1995-12-28');
insert into Pobyt ("ID", "ID_pacjenta", "Data_przyjecia", "Data_wypisania") values ('9', '97090697557', '1995-08-18', '1998-07-03');
insert into Pobyt ("ID", "ID_pacjenta", "Data_przyjecia", "Data_wypisania") values ('10', '9100493755', '1999-10-06', '2000-01-05');
insert into Pobyt ("ID", "ID_pacjenta", "Data_przyjecia", "Data_wypisania") values ('11', '66110925780', '1998-01-06', '2000-06-11');
insert into Pobyt ("ID", "ID_pacjenta", "Data_przyjecia", "Data_wypisania") values ('12', '33110736284', '1995-03-26', '1995-09-17');
insert into Pobyt ("ID", "ID_pacjenta", "Data_przyjecia", "Data_wypisania") values ('13', '27081983305', '1997-11-10', '2000-11-22');
insert into Pobyt ("ID", "ID_pacjenta", "Data_przyjecia", "Data_wypisania") values ('14', '69011977079', '1995-01-09', '1995-05-06');
insert into Pobyt ("ID", "ID_pacjenta", "Data_przyjecia", "Data_wypisania") values ('15', '10032480422', '1999-07-28', '2000-11-25');
insert into Pobyt ("ID", "ID_pacjenta", "Data_przyjecia", "Data_wypisania") values ('16', '24032438808', '1997-04-09', '2000-07-13');
insert into Pobyt ("ID", "ID_pacjenta", "Data_przyjecia", "Data_wypisania") values ('17', '69011977079', '1996-05-30', '2000-06-02');
insert into Pobyt ("ID", "ID_pacjenta", "Data_przyjecia", "Data_wypisania") values ('18', '28032270712', '1993-08-19', '1999-07-02');
insert into Pobyt ("ID", "ID_pacjenta", "Data_przyjecia", "Data_wypisania") values ('19', '59071423836', '1996-09-13', '1999-01-04');
insert into Pobyt ("ID", "ID_pacjenta", "Data_przyjecia", "Data_wypisania") values ('20', '73120665794', '1994-09-17', '1997-07-01');
insert into Pobyt ("ID", "ID_pacjenta", "Data_przyjecia", "Data_wypisania") values ('21', '94050246891', '1991-02-01', '1996-08-18');
insert into Pobyt ("ID", "ID_pacjenta", "Data_przyjecia", "Data_wypisania") values ('22', '10022787086', '1993-02-27', '1993-12-09');
insert into Pobyt ("ID", "ID_pacjenta", "Data_przyjecia", "Data_wypisania") values ('23', '51102513149', '1995-11-24', '2000-03-15');
insert into Pobyt ("ID", "ID_pacjenta", "Data_przyjecia", "Data_wypisania") values ('24', '72030640994', '1998-12-19', '1999-09-28');
insert into Pobyt ("ID", "ID_pacjenta", "Data_przyjecia", "Data_wypisania") values ('25', '65080853888', '1994-04-08', '1999-08-28');
insert into Pobyt ("ID", "ID_pacjenta", "Data_przyjecia", "Data_wypisania") values ('26', '27081983305', '1999-06-15', '1999-08-22');
insert into Pobyt ("ID", "ID_pacjenta", "Data_przyjecia", "Data_wypisania") values ('27', '42082349927', '1996-11-02', '1999-09-21');
insert into Pobyt ("ID", "ID_pacjenta", "Data_przyjecia", "Data_wypisania") values ('28', '65020978465', '1998-12-04', '1999-10-30');
insert into Pobyt ("ID", "ID_pacjenta", "Data_przyjecia", "Data_wypisania") values ('29', '35091356741', '1993-03-16', '2000-01-31');
insert into Pobyt ("ID", "ID_pacjenta", "Data_przyjecia", "Data_wypisania") values ('30', '34021876149', '1992-02-09', '2000-06-20');
insert into Pobyt ("ID", "ID_pacjenta", "Data_przyjecia", "Data_wypisania") values ('31', '41123076163', '2000-12-21', '2000-12-23');
insert into Pobyt ("ID", "ID_pacjenta", "Data_przyjecia", "Data_wypisania") values ('32', '28032270712', '1991-10-25', '1993-05-09');
insert into Pobyt ("ID", "ID_pacjenta", "Data_przyjecia", "Data_wypisania") values ('33', '58032171889', '1990-10-26', '1991-11-21');
insert into Pobyt ("ID", "ID_pacjenta", "Data_przyjecia", "Data_wypisania") values ('34', '33110736284', '1992-12-03', '1995-02-11');
insert into Pobyt ("ID", "ID_pacjenta", "Data_przyjecia", "Data_wypisania") values ('35', '74010462437', '1997-04-19', '1998-09-16');
insert into Pobyt ("ID", "ID_pacjenta", "Data_przyjecia", "Data_wypisania") values ('36', '25081681767', '1998-12-07', '1999-06-07');
insert into Pobyt ("ID", "ID_pacjenta", "Data_przyjecia", "Data_wypisania") values ('37', '65020978465', '1996-02-05', '2000-03-02');
insert into Pobyt ("ID", "ID_pacjenta", "Data_przyjecia", "Data_wypisania") values ('38', '56072965478', '1994-08-05', '1996-07-18');
insert into Pobyt ("ID", "ID_pacjenta", "Data_przyjecia", "Data_wypisania") values ('39', '32081413983', '1992-02-05', '1997-08-31');
insert into Pobyt ("ID", "ID_pacjenta", "Data_przyjecia", "Data_wypisania") values ('40', '88061210733', '1991-08-19', '1995-07-21');
insert into Pobyt ("ID", "ID_pacjenta", "Data_przyjecia", "Data_wypisania") values ('41', '92062625682', '1997-09-08', '2000-03-06');
insert into Pobyt ("ID", "ID_pacjenta", "Data_przyjecia", "Data_wypisania") values ('42', '19111790775', '1992-08-08', '2000-07-19');
insert into Pobyt ("ID", "ID_pacjenta", "Data_przyjecia", "Data_wypisania") values ('43', '99040489483', '1996-12-14', '1997-10-31');
insert into Pobyt ("ID", "ID_pacjenta", "Data_przyjecia", "Data_wypisania") values ('44', '33110736284', '1998-09-10', '1999-08-16');
insert into Pobyt ("ID", "ID_pacjenta", "Data_przyjecia", "Data_wypisania") values ('45', '17040154597', '1995-12-08', '1996-06-23');
insert into Pobyt ("ID", "ID_pacjenta", "Data_przyjecia", "Data_wypisania") values ('46', '73120665794', '1995-06-25', '1998-12-04');
insert into Pobyt ("ID", "ID_pacjenta", "Data_przyjecia", "Data_wypisania") values ('47', '30050652117', '1993-08-02', '1995-02-26');
insert into Pobyt ("ID", "ID_pacjenta", "Data_przyjecia", "Data_wypisania") values ('48', '99070348197', '1999-07-14', '2000-02-10');
insert into Pobyt ("ID", "ID_pacjenta", "Data_przyjecia", "Data_wypisania") values ('49', '74020227929', '1997-11-10', '1998-03-10');
insert into Pobyt ("ID", "ID_pacjenta", "Data_przyjecia", "Data_wypisania") values ('50', '90061959505', '1990-05-04', '1997-11-02');
insert into Pobyt ("ID", "ID_pacjenta", "Data_przyjecia", "Data_wypisania") values ('51', '65020978465', '1991-06-23', '1997-05-15');
insert into Pobyt ("ID", "ID_pacjenta", "Data_przyjecia", "Data_wypisania") values ('52', '30012252474', '1993-06-28', '1998-05-12');
insert into Pobyt ("ID", "ID_pacjenta", "Data_przyjecia", "Data_wypisania") values ('53', '22061284103', '1998-02-11', '1998-03-17');
insert into Pobyt ("ID", "ID_pacjenta", "Data_przyjecia", "Data_wypisania") values ('54', '55062916561', '1997-10-23', '1998-10-24');
insert into Pobyt ("ID", "ID_pacjenta", "Data_przyjecia", "Data_wypisania") values ('55', '74061339893', '1996-12-13', '1999-09-27');
insert into Pobyt ("ID", "ID_pacjenta", "Data_przyjecia", "Data_wypisania") values ('56', '1081285088', '1992-09-21', '1997-08-11');
insert into Pobyt ("ID", "ID_pacjenta", "Data_przyjecia", "Data_wypisania") values ('57', '1081285088', '1993-11-14', '1999-08-01');
insert into Pobyt ("ID", "ID_pacjenta", "Data_przyjecia", "Data_wypisania") values ('58', '10032480422', '1997-03-19', '2000-04-30');
insert into Pobyt ("ID", "ID_pacjenta", "Data_przyjecia", "Data_wypisania") values ('59', '92041069189', '1999-11-28', '2000-11-24');
insert into Pobyt ("ID", "ID_pacjenta", "Data_przyjecia", "Data_wypisania") values ('60', '99040489483', '1992-06-16', '1993-03-26');
insert into Pobyt ("ID", "ID_pacjenta", "Data_przyjecia", "Data_wypisania") values ('61', '6091752171', '1994-09-23', '1999-08-07');
insert into Pobyt ("ID", "ID_pacjenta", "Data_przyjecia", "Data_wypisania") values ('62', '30111146972', '1991-02-24', '1991-11-28');
insert into Pobyt ("ID", "ID_pacjenta", "Data_przyjecia", "Data_wypisania") values ('63', '61353753', '1996-11-04', '1997-09-14');
insert into Pobyt ("ID", "ID_pacjenta", "Data_przyjecia", "Data_wypisania") values ('64', '7062273077', '1990-01-28', '1997-07-30');
insert into Pobyt ("ID", "ID_pacjenta", "Data_przyjecia", "Data_wypisania") values ('65', '50021269559', '1993-06-14', '1999-02-16');
insert into Pobyt ("ID", "ID_pacjenta", "Data_przyjecia", "Data_wypisania") values ('66', '70574335', '1997-11-26', '2000-10-22');
insert into Pobyt ("ID", "ID_pacjenta", "Data_przyjecia", "Data_wypisania") values ('67', '52121453028', '1999-12-14', '2000-09-16');
insert into Pobyt ("ID", "ID_pacjenta", "Data_przyjecia", "Data_wypisania") values ('68', '19111790775', '1990-06-05', '1996-06-24');
insert into Pobyt ("ID", "ID_pacjenta", "Data_przyjecia", "Data_wypisania") values ('69', '17040154597', '1996-05-22', '1996-10-26');
insert into Pobyt ("ID", "ID_pacjenta", "Data_przyjecia", "Data_wypisania") values ('70', '90102775352', '1994-09-23', '1994-12-27');
insert into Pobyt ("ID", "ID_pacjenta", "Data_przyjecia", "Data_wypisania") values ('71', '25081681767', '1992-04-12', '1992-09-17');
insert into Pobyt ("ID", "ID_pacjenta", "Data_przyjecia", "Data_wypisania") values ('72', '69011977079', '1998-12-17', '2000-06-21');
insert into Pobyt ("ID", "ID_pacjenta", "Data_przyjecia", "Data_wypisania") values ('73', '32081413983', '1997-07-30', '1999-03-06');
insert into Pobyt ("ID", "ID_pacjenta", "Data_przyjecia", "Data_wypisania") values ('74', '55062916561', '1990-11-12', '1992-09-16');
insert into Pobyt ("ID", "ID_pacjenta", "Data_przyjecia", "Data_wypisania") values ('75', '97090697557', '1997-02-03', '2000-12-28');
insert into Pobyt ("ID", "ID_pacjenta", "Data_przyjecia", "Data_wypisania") values ('76', '99120645102', '1997-08-22', '1998-03-08');
insert into Pobyt ("ID", "ID_pacjenta", "Data_przyjecia", "Data_wypisania") values ('77', '20081721791', '1993-11-08', '2000-02-15');
insert into Pobyt ("ID", "ID_pacjenta", "Data_przyjecia", "Data_wypisania") values ('78', '67082439145', '1995-12-29', '1996-03-17');
insert into Pobyt ("ID", "ID_pacjenta", "Data_przyjecia", "Data_wypisania") values ('79', '7082166642', '1995-07-26', '2000-06-03');
insert into Pobyt ("ID", "ID_pacjenta", "Data_przyjecia", "Data_wypisania") values ('80', '23111025747', '1993-08-28', '1998-05-18');
insert into Pobyt ("ID", "ID_pacjenta", "Data_przyjecia", "Data_wypisania") values ('81', '54092135806', '1993-02-21', '1995-09-03');
insert into Pobyt ("ID", "ID_pacjenta", "Data_przyjecia", "Data_wypisania") values ('82', '87060350401', '1991-07-12', '1996-05-19');
insert into Pobyt ("ID", "ID_pacjenta", "Data_przyjecia", "Data_wypisania") values ('83', '56080341970', '2000-11-27', '2000-12-20');
insert into Pobyt ("ID", "ID_pacjenta", "Data_przyjecia", "Data_wypisania") values ('84', '7062273077', '1995-11-07', '1998-04-13');
insert into Pobyt ("ID", "ID_pacjenta", "Data_przyjecia", "Data_wypisania") values ('85', '66110925780', '1990-05-09', '1993-05-02');
insert into Pobyt ("ID", "ID_pacjenta", "Data_przyjecia", "Data_wypisania") values ('86', '98061695831', '1996-09-14', '2000-04-11');
insert into Pobyt ("ID", "ID_pacjenta", "Data_przyjecia", "Data_wypisania") values ('87', '95052188348', '1996-02-15', '1999-05-14');
insert into Pobyt ("ID", "ID_pacjenta", "Data_przyjecia", "Data_wypisania") values ('88', '99040489483', '1995-06-27', '1998-04-30');
insert into Pobyt ("ID", "ID_pacjenta", "Data_przyjecia", "Data_wypisania") values ('89', '22061284103', '1994-01-05', '1995-07-25');
insert into Pobyt ("ID", "ID_pacjenta", "Data_przyjecia", "Data_wypisania") values ('90', '22061284103', '1998-03-26', '2000-10-31');
insert into Pobyt ("ID", "ID_pacjenta", "Data_przyjecia", "Data_wypisania") values ('91', '59071423836', '1993-10-13', '2000-12-15');
insert into Pobyt ("ID", "ID_pacjenta", "Data_przyjecia", "Data_wypisania") values ('92', '90102775352', '1991-08-18', '1992-06-29');
insert into Pobyt ("ID", "ID_pacjenta", "Data_przyjecia", "Data_wypisania") values ('93', '72011137466', '1999-10-04', '2000-08-14');
insert into Pobyt ("ID", "ID_pacjenta", "Data_przyjecia", "Data_wypisania") values ('94', '86020210200', '1999-04-11', '1999-07-09');
insert into Pobyt ("ID", "ID_pacjenta", "Data_przyjecia", "Data_wypisania") values ('95', '87060350401', '1997-03-07', '2000-02-09');
insert into Pobyt ("ID", "ID_pacjenta", "Data_przyjecia", "Data_wypisania") values ('96', '61353753', '1994-02-25', '1995-09-23');
insert into Pobyt ("ID", "ID_pacjenta", "Data_przyjecia", "Data_wypisania") values ('97', '69011977079', '1998-06-18', '1998-07-06');
insert into Pobyt ("ID", "ID_pacjenta", "Data_przyjecia", "Data_wypisania") values ('98', '27060321465', '1993-04-15', '1995-09-09');
insert into Pobyt ("ID", "ID_pacjenta", "Data_przyjecia", "Data_wypisania") values ('99', '23091729964', '1994-08-14', '1996-11-28');
insert into Pobyt ("ID", "ID_pacjenta", "Data_przyjecia", "Data_wypisania") values ('100', '95012730851', '1994-03-01', '1996-10-03');
insert into Pobyt ("ID", "ID_pacjenta", "Data_przyjecia", "Data_wypisania") values ('101', '7062273077', '1990-02-25', '1996-12-23');
insert into Pobyt ("ID", "ID_pacjenta", "Data_przyjecia", "Data_wypisania") values ('102', '61353753', '1995-12-16', '2000-08-11');
insert into Pobyt ("ID", "ID_pacjenta", "Data_przyjecia", "Data_wypisania") values ('103', '58032171889', '2000-09-19', '2000-12-16');
insert into Pobyt ("ID", "ID_pacjenta", "Data_przyjecia", "Data_wypisania") values ('104', '72030640994', '1991-02-02', '1998-01-21');
insert into Pobyt ("ID", "ID_pacjenta", "Data_przyjecia", "Data_wypisania") values ('105', '7082166642', '1994-01-21', '2000-04-22');
insert into Pobyt ("ID", "ID_pacjenta", "Data_przyjecia", "Data_wypisania") values ('106', '10032480422', '1997-03-15', '1997-05-22');
insert into Pobyt ("ID", "ID_pacjenta", "Data_przyjecia", "Data_wypisania") values ('107', '30111146972', '1997-02-09', '1999-11-16');
insert into Pobyt ("ID", "ID_pacjenta", "Data_przyjecia", "Data_wypisania") values ('108', '97102217021', '1994-04-24', '1997-03-23');
insert into Pobyt ("ID", "ID_pacjenta", "Data_przyjecia", "Data_wypisania") values ('109', '65080853888', '1996-05-19', '1997-05-24');
insert into Pobyt ("ID", "ID_pacjenta", "Data_przyjecia", "Data_wypisania") values ('110', '74061339893', '1994-03-22', '1998-04-26');
insert into Pobyt ("ID", "ID_pacjenta", "Data_przyjecia", "Data_wypisania") values ('111', '35102829579', '1990-02-03', '1999-01-15');
insert into Pobyt ("ID", "ID_pacjenta", "Data_przyjecia", "Data_wypisania") values ('112', '24032438808', '2000-02-22', '2000-03-29');
insert into Pobyt ("ID", "ID_pacjenta", "Data_przyjecia", "Data_wypisania") values ('113', '25081681767', '1996-04-17', '1997-08-27');
insert into Pobyt ("ID", "ID_pacjenta", "Data_przyjecia", "Data_wypisania") values ('114', '35102829579', '1993-08-15', '1998-09-10');
insert into Pobyt ("ID", "ID_pacjenta", "Data_przyjecia", "Data_wypisania") values ('115', '92062625682', '1994-08-11', '1995-12-21');
insert into Pobyt ("ID", "ID_pacjenta", "Data_przyjecia", "Data_wypisania") values ('116', '70574335', '1995-11-17', '1996-08-25');
insert into Pobyt ("ID", "ID_pacjenta", "Data_przyjecia", "Data_wypisania") values ('117', '61353753', '1999-03-06', '1999-09-12');
insert into Pobyt ("ID", "ID_pacjenta", "Data_przyjecia", "Data_wypisania") values ('118', '19040854757', '1996-12-31', '1999-07-18');
insert into Pobyt ("ID", "ID_pacjenta", "Data_przyjecia", "Data_wypisania") values ('119', '95052188348', '1999-04-06', '1999-05-29');
insert into Pobyt ("ID", "ID_pacjenta", "Data_przyjecia", "Data_wypisania") values ('120', '90102775352', '1996-06-06', '1997-07-01');
insert into Pobyt ("ID", "ID_pacjenta", "Data_przyjecia", "Data_wypisania") values ('121', '23091729964', '1990-06-01', '1993-09-25');
insert into Pobyt ("ID", "ID_pacjenta", "Data_przyjecia", "Data_wypisania") values ('122', '61120530569', '2000-07-19', '2000-10-27');
insert into Pobyt ("ID", "ID_pacjenta", "Data_przyjecia", "Data_wypisania") values ('123', '23091729964', '1999-11-29', '2000-02-09');
insert into Pobyt ("ID", "ID_pacjenta", "Data_przyjecia", "Data_wypisania") values ('124', '32011417715', '2000-01-08', '2000-11-28');
insert into Pobyt ("ID", "ID_pacjenta", "Data_przyjecia", "Data_wypisania") values ('125', '30111146972', '1994-06-03', '2000-06-23');
insert into Pobyt ("ID", "ID_pacjenta", "Data_przyjecia", "Data_wypisania") values ('126', '10033176545', '1994-09-18', '1996-08-14');
insert into Pobyt ("ID", "ID_pacjenta", "Data_przyjecia", "Data_wypisania") values ('127', '7082166642', '1991-02-12', '1991-10-27');
insert into Pobyt ("ID", "ID_pacjenta", "Data_przyjecia", "Data_wypisania") values ('128', '34021876149', '1990-09-24', '1995-03-11');
insert into Pobyt ("ID", "ID_pacjenta", "Data_przyjecia", "Data_wypisania") values ('129', '61353753', '1993-04-01', '1997-05-07');
insert into Pobyt ("ID", "ID_pacjenta", "Data_przyjecia", "Data_wypisania") values ('130', '27060321465', '1997-08-03', '1999-09-21');
insert into Pobyt ("ID", "ID_pacjenta", "Data_przyjecia", "Data_wypisania") values ('131', '35102829579', '1990-01-27', '1993-07-27');
insert into Pobyt ("ID", "ID_pacjenta", "Data_przyjecia", "Data_wypisania") values ('132', '30050652117', '2000-11-29', '2000-12-05');
insert into Pobyt ("ID", "ID_pacjenta", "Data_przyjecia", "Data_wypisania") values ('133', '98061441023', '1998-06-09', '2000-03-13');
insert into Pobyt ("ID", "ID_pacjenta", "Data_przyjecia", "Data_wypisania") values ('134', '37102383799', '1995-05-20', '1996-01-11');
insert into Pobyt ("ID", "ID_pacjenta", "Data_przyjecia", "Data_wypisania") values ('135', '10032480422', '1998-03-31', '1999-10-11');
insert into Pobyt ("ID", "ID_pacjenta", "Data_przyjecia", "Data_wypisania") values ('136', '44090833172', '1999-08-08', '2000-09-08');
insert into Pobyt ("ID", "ID_pacjenta", "Data_przyjecia", "Data_wypisania") values ('137', '74020227929', '1997-01-11', '2000-11-15');
insert into Pobyt ("ID", "ID_pacjenta", "Data_przyjecia", "Data_wypisania") values ('138', '19040854757', '1990-03-10', '1991-01-20');
insert into Pobyt ("ID", "ID_pacjenta", "Data_przyjecia", "Data_wypisania") values ('139', '52121453028', '1997-03-14', '1998-04-24');
insert into Pobyt ("ID", "ID_pacjenta", "Data_przyjecia", "Data_wypisania") values ('140', '60110198912', '1994-06-14', '1995-10-15');
insert into Pobyt ("ID", "ID_pacjenta", "Data_przyjecia", "Data_wypisania") values ('141', '59071423836', '1993-09-08', '1997-12-09');
insert into Pobyt ("ID", "ID_pacjenta", "Data_przyjecia", "Data_wypisania") values ('142', '20111061220', '1998-09-02', '1999-05-17');
insert into Pobyt ("ID", "ID_pacjenta", "Data_przyjecia", "Data_wypisania") values ('143', '97090697557', '1994-06-18', '1995-12-18');
insert into Pobyt ("ID", "ID_pacjenta", "Data_przyjecia", "Data_wypisania") values ('144', '23111025747', '1990-01-02', '1991-02-21');
insert into Pobyt ("ID", "ID_pacjenta", "Data_przyjecia", "Data_wypisania") values ('145', '10022787086', '1999-10-03', '2000-02-23');
insert into Pobyt ("ID", "ID_pacjenta", "Data_przyjecia", "Data_wypisania") values ('146', '17040154597', '1992-02-24', '1997-07-05');
insert into Pobyt ("ID", "ID_pacjenta", "Data_przyjecia", "Data_wypisania") values ('147', '28032270712', '1993-06-10', '1998-02-02');
insert into Pobyt ("ID", "ID_pacjenta", "Data_przyjecia", "Data_wypisania") values ('148', '46072873499', '2000-03-24', '2000-11-24');
insert into Pobyt ("ID", "ID_pacjenta", "Data_przyjecia", "Data_wypisania") values ('149', '72011137466', '1998-06-26', '1999-09-05');
insert into Pobyt ("ID", "ID_pacjenta", "Data_przyjecia", "Data_wypisania") values ('150', '98061441023', '1990-01-25', '1997-02-07');
insert into Pobyt ("ID", "ID_pacjenta", "Data_przyjecia", "Data_wypisania") values ('151', '18011028009', '1993-07-29', '1996-02-16');
insert into Pobyt ("ID", "ID_pacjenta", "Data_przyjecia", "Data_wypisania") values ('152', '1081285088', '1994-01-30', '1999-07-01');
insert into Pobyt ("ID", "ID_pacjenta", "Data_przyjecia", "Data_wypisania") values ('153', '9121749665', '1994-12-06', '1997-12-22');
insert into Pobyt ("ID", "ID_pacjenta", "Data_przyjecia", "Data_wypisania") values ('154', '7062273077', '1996-11-20', '1998-05-14');
insert into Pobyt ("ID", "ID_pacjenta", "Data_przyjecia", "Data_wypisania") values ('155', '20111061220', '2000-08-18', '2000-11-16');
insert into Pobyt ("ID", "ID_pacjenta", "Data_przyjecia", "Data_wypisania") values ('156', '65020978465', '1996-05-13', '2000-10-21');
insert into Pobyt ("ID", "ID_pacjenta", "Data_przyjecia", "Data_wypisania") values ('157', '73120665794', '2000-08-26', '2000-08-30');
insert into Pobyt ("ID", "ID_pacjenta", "Data_przyjecia", "Data_wypisania") values ('158', '35091356741', '1993-02-19', '1998-11-22');
insert into Pobyt ("ID", "ID_pacjenta", "Data_przyjecia", "Data_wypisania") values ('159', '69011977079', '1993-09-10', '1994-09-27');
insert into Pobyt ("ID", "ID_pacjenta", "Data_przyjecia", "Data_wypisania") values ('160', '1081285088', '1996-10-29', '1997-03-04');
insert into Pobyt ("ID", "ID_pacjenta", "Data_przyjecia", "Data_wypisania") values ('161', '27081983305', '1994-10-26', '1996-03-16');
insert into Pobyt ("ID", "ID_pacjenta", "Data_przyjecia", "Data_wypisania") values ('162', '99120645102', '2000-03-21', '2000-12-11');
insert into Pobyt ("ID", "ID_pacjenta", "Data_przyjecia", "Data_wypisania") values ('163', '93031513350', '1997-03-09', '1999-11-12');
insert into Pobyt ("ID", "ID_pacjenta", "Data_przyjecia", "Data_wypisania") values ('164', '90102775352', '1992-01-24', '1999-09-12');
insert into Pobyt ("ID", "ID_pacjenta", "Data_przyjecia", "Data_wypisania") values ('165', '94050246891', '1991-12-19', '1996-08-18');
insert into Pobyt ("ID", "ID_pacjenta", "Data_przyjecia", "Data_wypisania") values ('166', '65020978465', '1999-12-19', '2000-04-21');
insert into Pobyt ("ID", "ID_pacjenta", "Data_przyjecia", "Data_wypisania") values ('167', '97090697557', '1992-08-06', '1995-11-19');
insert into Pobyt ("ID", "ID_pacjenta", "Data_przyjecia", "Data_wypisania") values ('168', '20081721791', '1992-12-13', '2000-01-20');
insert into Pobyt ("ID", "ID_pacjenta", "Data_przyjecia", "Data_wypisania") values ('169', '65080853888', '1992-10-27', '1993-07-24');
insert into Pobyt ("ID", "ID_pacjenta", "Data_przyjecia", "Data_wypisania") values ('170', '74061339893', '1993-06-07', '2000-12-03');
insert into Pobyt ("ID", "ID_pacjenta", "Data_przyjecia", "Data_wypisania") values ('171', '91040338735', '1997-12-12', '1999-04-30');
insert into Pobyt ("ID", "ID_pacjenta", "Data_przyjecia", "Data_wypisania") values ('172', '99070348197', '1992-06-20', '1993-03-08');
insert into Pobyt ("ID", "ID_pacjenta", "Data_przyjecia", "Data_wypisania") values ('173', '90061959505', '1996-06-09', '1997-06-11');
insert into Pobyt ("ID", "ID_pacjenta", "Data_przyjecia", "Data_wypisania") values ('174', '73120665794', '1992-08-28', '1992-12-30');
insert into Pobyt ("ID", "ID_pacjenta", "Data_przyjecia", "Data_wypisania") values ('175', '97090697557', '1991-10-25', '1995-09-04');
insert into Pobyt ("ID", "ID_pacjenta", "Data_przyjecia", "Data_wypisania") values ('176', '19111790775', '1990-03-18', '1990-11-12');
insert into Pobyt ("ID", "ID_pacjenta", "Data_przyjecia", "Data_wypisania") values ('177', '18011028009', '1994-07-11', '1998-03-04');
insert into Pobyt ("ID", "ID_pacjenta", "Data_przyjecia", "Data_wypisania") values ('178', '46072873499', '1995-08-27', '1998-09-10');
insert into Pobyt ("ID", "ID_pacjenta", "Data_przyjecia", "Data_wypisania") values ('179', '94050246891', '1997-12-18', '2000-02-27');
insert into Pobyt ("ID", "ID_pacjenta", "Data_przyjecia", "Data_wypisania") values ('180', '68092968775', '1999-03-10', '1999-12-10');
insert into Pobyt ("ID", "ID_pacjenta", "Data_przyjecia", "Data_wypisania") values ('181', '30111146972', '1997-01-27', '1997-04-02');
insert into Pobyt ("ID", "ID_pacjenta", "Data_przyjecia", "Data_wypisania") values ('182', '70574335', '1991-07-27', '1998-05-31');
insert into Pobyt ("ID", "ID_pacjenta", "Data_przyjecia", "Data_wypisania") values ('183', '18011028009', '1992-12-13', '1995-11-08');
insert into Pobyt ("ID", "ID_pacjenta", "Data_przyjecia", "Data_wypisania") values ('184', '38020146365', '1994-07-13', '1998-11-26');
insert into Pobyt ("ID", "ID_pacjenta", "Data_przyjecia", "Data_wypisania") values ('185', '61120530569', '2000-08-12', '2000-11-10');
insert into Pobyt ("ID", "ID_pacjenta", "Data_przyjecia", "Data_wypisania") values ('186', '7082166642', '1994-09-28', '1994-11-26');
insert into Pobyt ("ID", "ID_pacjenta", "Data_przyjecia", "Data_wypisania") values ('187', '94050246891', '1996-09-13', '2000-10-25');
insert into Pobyt ("ID", "ID_pacjenta", "Data_przyjecia", "Data_wypisania") values ('188', '23111025747', '1997-11-02', '2000-03-24');
insert into Pobyt ("ID", "ID_pacjenta", "Data_przyjecia", "Data_wypisania") values ('189', '72011137466', '1991-05-08', '1997-11-23');
insert into Pobyt ("ID", "ID_pacjenta", "Data_przyjecia", "Data_wypisania") values ('190', '61120530569', '1990-12-14', '1991-08-13');
insert into Pobyt ("ID", "ID_pacjenta", "Data_przyjecia", "Data_wypisania") values ('191', '28032270712', '1996-06-02', '1997-07-20');
insert into Pobyt ("ID", "ID_pacjenta", "Data_przyjecia", "Data_wypisania") values ('192', '50021269559', '1995-06-07', '1999-04-27');
insert into Pobyt ("ID", "ID_pacjenta", "Data_przyjecia", "Data_wypisania") values ('193', '55062916561', '1993-11-19', '2000-10-04');
insert into Pobyt ("ID", "ID_pacjenta", "Data_przyjecia", "Data_wypisania") values ('194', '7062273077', '1998-12-11', '2000-02-22');
insert into Pobyt ("ID", "ID_pacjenta", "Data_przyjecia", "Data_wypisania") values ('195', '98061695831', '2000-11-21', '2000-12-06');
insert into Pobyt ("ID", "ID_pacjenta", "Data_przyjecia", "Data_wypisania") values ('196', '34021876149', '1994-06-19', '1997-08-27');
insert into Pobyt ("ID", "ID_pacjenta", "Data_przyjecia", "Data_wypisania") values ('197', '68092968775', '1991-01-16', '1998-05-26');
insert into Pobyt ("ID", "ID_pacjenta", "Data_przyjecia", "Data_wypisania") values ('198', '23091729964', '1995-07-11', '1999-11-07');
insert into Pobyt ("ID", "ID_pacjenta", "Data_przyjecia", "Data_wypisania") values ('199', '98080372151', '1998-09-04', '2000-02-10');
insert into Pobyt ("ID", "ID_pacjenta", "Data_przyjecia", "Data_wypisania") values ('200', '28032270712', '1996-02-24', '1997-03-03');
insert into Pobyt ("ID", "ID_pacjenta", "Data_przyjecia", "Data_wypisania") values ('201', '22061284103', '1997-05-17', '1999-08-13');
insert into Pobyt ("ID", "ID_pacjenta", "Data_przyjecia", "Data_wypisania") values ('202', '96081782710', '1996-08-29', '1999-11-12');
insert into Lek ("ID", "Nazwa") values ('1', '2 KC');
insert into Lek ("ID", "Nazwa") values ('2', '2 KC Xtreme');
insert into Lek ("ID", "Nazwa") values ('3', '2BeSlim');
insert into Lek ("ID", "Nazwa") values ('4', '4 Flex');
insert into Lek ("ID", "Nazwa") values ('5', '4 Flex Sport');
insert into Lek ("ID", "Nazwa") values ('6', '4 Flex Ultra');
insert into Lek ("ID", "Nazwa") values ('7', '4Lacti');
insert into Lek ("ID", "Nazwa") values ('8', 'Abacil');
insert into Lek ("ID", "Nazwa") values ('9', 'Abaktal');
insert into Lek ("ID", "Nazwa") values ('10', 'ABE');
insert into Lek ("ID", "Nazwa") values ('11', 'Abilify');
insert into Lek ("ID", "Nazwa") values ('12', 'Aripiprazolum');
insert into Lek ("ID", "Nazwa") values ('13', 'Abropernol N');
insert into Lek ("ID", "Nazwa") values ('14', 'Abrotanum Dagomed');
insert into Lek ("ID", "Nazwa") values ('15', 'Absenor');
insert into Lek ("ID", "Nazwa") values ('16', 'Natrii valproas');
insert into Lek ("ID", "Nazwa") values ('17', 'Abutol long 400');
insert into Lek ("ID", "Nazwa") values ('18', 'Acebutololum');
insert into Lek ("ID", "Nazwa") values ('19', 'Acai');
insert into Lek ("ID", "Nazwa") values ('20', 'Acard');
insert into Lek ("ID", "Nazwa") values ('21', 'Acard 150');
insert into Lek ("ID", "Nazwa") values ('22', 'Acidum');
insert into Lek ("ID", "Nazwa") values ('23', 'Acatar');
insert into Lek ("ID", "Nazwa") values ('24', 'Acatar Acti Tabs');
insert into Lek ("ID", "Nazwa") values ('25', 'Acatar Baby');
insert into Lek ("ID", "Nazwa") values ('26', 'Acatar Fast');
insert into Lek ("ID", "Nazwa") values ('27', 'Acatar Zatoki');
insert into Lek ("ID", "Nazwa") values ('28', 'Ibuprofenum');
insert into Lek ("ID", "Nazwa") values ('29', 'Acatarick Allergy');
insert into Lek ("ID", "Nazwa") values ('30', 'ACC');
insert into Lek ("ID", "Nazwa") values ('31', 'ACC Hot');
insert into Lek ("ID", "Nazwa") values ('32', 'ACC Max');
insert into Lek ("ID", "Nazwa") values ('33', 'ACC Mini');
insert into Lek ("ID", "Nazwa") values ('34', 'ACC optima');
insert into Lek ("ID", "Nazwa") values ('35', 'Accolate');
insert into Lek ("ID", "Nazwa") values ('36', 'Accupro');
insert into Lek ("ID", "Nazwa") values ('37', 'Accuzide');
insert into Lek ("ID", "Nazwa") values ('38', 'Acidolac');
insert into Lek ("ID", "Nazwa") values ('39', 'Acidolac Baby');
insert into Lek ("ID", "Nazwa") values ('40', 'Acidolac Junior');
insert into Lek ("ID", "Nazwa") values ('41', 'Acidolit');
insert into Lek ("ID", "Nazwa") values ('42', 'Adipobon mono');
insert into Lek ("ID", "Nazwa") values ('43', 'Adipobonisan');
insert into Lek ("ID", "Nazwa") values ('44', 'Aesculus compose');
insert into Lek ("ID", "Nazwa") values ('45', 'Aesculus compositum');
insert into Lek ("ID", "Nazwa") values ('46', 'Aesculus-Heel (krople)');
insert into Lek ("ID", "Nazwa") values ('47', 'Bactiflor');
insert into Lek ("ID", "Nazwa") values ('48', 'Bactilac SF');
insert into Lek ("ID", "Nazwa") values ('49', 'Bactum');
insert into Lek ("ID", "Nazwa") values ('50', 'Badiaga complexe Nr 47');
insert into Lek ("ID", "Nazwa") values ('51', 'Bakol Forte');
insert into Lek ("ID", "Nazwa") values ('52', 'Bakozin');
insert into Lek ("ID", "Nazwa") values ('53', 'Baktimax');
insert into Lek ("ID", "Nazwa") values ('54', 'Berberis Complexe Nr 83');
insert into Lek ("ID", "Nazwa") values ('55', 'Berberis-Homaccord (krople)');
insert into Lek ("ID", "Nazwa") values ('56', 'Beta Glukan (Walmark)');
insert into Lek ("ID", "Nazwa") values ('57', 'Beta Glukan 1,3/1,6D');
insert into Lek ("ID", "Nazwa") values ('58', 'Beta Glukan 10 Junior');
insert into Lek ("ID", "Nazwa") values ('59', 'Beta Glukan 50 (Virde)');
insert into Lek ("ID", "Nazwa") values ('60', 'Beta Glukan Farm 1,3 / 1,6 D');
insert into Lek ("ID", "Nazwa") values ('61', 'Beta Glukan Forte 100');
insert into Lek ("ID", "Nazwa") values ('62', 'Beta Glukan Multiwitamina');
insert into Lek ("ID", "Nazwa") values ('63', 'Beta Karot E Frot');
insert into Lek ("ID", "Nazwa") values ('64', 'Beta Karoten Naturkaps');
insert into Lek ("ID", "Nazwa") values ('65', 'Beta Karoten Sun');
insert into Lek ("ID", "Nazwa") values ('66', 'Beta Karowit');
insert into Lek ("ID", "Nazwa") values ('67', 'Beta Prostan');
insert into Lek ("ID", "Nazwa") values ('68', 'Beta-Sun-Bio');
insert into Lek ("ID", "Nazwa") values ('69', 'BioRelaxil');
insert into Lek ("ID", "Nazwa") values ('70', 'Bioretinof');
insert into Lek ("ID", "Nazwa") values ('71', 'Bioslank');
insert into Lek ("ID", "Nazwa") values ('72', 'Biotyk');
insert into Lek ("ID", "Nazwa") values ('73', 'Biotyk Complex');
insert into Lek ("ID", "Nazwa") values ('74', 'Biovilon');
insert into Lek ("ID", "Nazwa") values ('75', 'Biovital Multi Zelki dla doroslych');
insert into Lek ("ID", "Nazwa") values ('76', 'Biovital Pamiec');
insert into Lek ("ID", "Nazwa") values ('77', 'Biovital Zdrowie');
insert into Lek ("ID", "Nazwa") values ('78', 'Biovital Zdrowie z zen-szeniem');
insert into Lek ("ID", "Nazwa") values ('79', 'Biowap 1400');
insert into Lek ("ID", "Nazwa") values ('80', 'Biowap Chelat');
insert into Lek ("ID", "Nazwa") values ('81', 'Cactus compositum S (iniekcje)');
insert into Lek ("ID", "Nazwa") values ('82', 'Cactus Compositum S (krople)');
insert into Lek ("ID", "Nazwa") values ('83', 'Calcenato');
insert into Lek ("ID", "Nazwa") values ('84', 'Calci Strong+Magnez');
insert into Lek ("ID", "Nazwa") values ('85', 'Calcium C Forte Polfa-Lodz');
insert into Lek ("ID", "Nazwa") values ('86', 'Calcium C Rodzinna Apteczka');
insert into Lek ("ID", "Nazwa") values ('87', 'Calcium C+Zn');
insert into Lek ("ID", "Nazwa") values ('88', 'Calcoheel');
insert into Lek ("ID", "Nazwa") values ('89', 'Calcynovit 1250+D3');
insert into Lek ("ID", "Nazwa") values ('90', 'D Kidusie');
insert into Lek ("ID", "Nazwa") values ('91', 'D-Vitum');
insert into Lek ("ID", "Nazwa") values ('92', 'D-Vitum 800');
insert into Lek ("ID", "Nazwa") values ('93', 'D-Vitum Calcium');
insert into Lek ("ID", "Nazwa") values ('94', 'D-Vitum Forte 1000');
insert into Lek ("ID", "Nazwa") values ('95', 'D-Vitum Forte 2000');
insert into Lek ("ID", "Nazwa") values ('96', 'Diarrheel S');
insert into Lek ("ID", "Nazwa") values ('97', 'Diaton');
insert into Lek ("ID", "Nazwa") values ('98', 'Diaval Caps');
insert into Lek ("ID", "Nazwa") values ('99', 'Diaval Extra');
insert into Lek ("ID", "Nazwa") values ('100', 'Dida');
insert into Lek ("ID", "Nazwa") values ('101', 'Diet Guard');
insert into Lek ("ID", "Nazwa") values ('102', 'DietaVit');
insert into Lek ("ID", "Nazwa") values ('103', 'DietaVit Blonnik i Probiotyk');
insert into Lek ("ID", "Nazwa") values ('104', 'Espumisan Easy');
insert into Lek ("ID", "Nazwa") values ('105', 'Espumisan Kids');
insert into Lek ("ID", "Nazwa") values ('106', 'Espumisan MAX');
insert into Lek ("ID", "Nazwa") values ('107', 'Esselivecaps');
insert into Lek ("ID", "Nazwa") values ('108', 'Esselver');
insert into Lek ("ID", "Nazwa") values ('109', 'Essencicaps');
insert into Lek ("ID", "Nazwa") values ('110', 'Essensal Complex');
insert into Lek ("ID", "Nazwa") values ('111', 'Essetiamed');
insert into Lek ("ID", "Nazwa") values ('112', 'Essetil Complex');
insert into Lek ("ID", "Nazwa") values ('113', 'Essetrax');
insert into Lek ("ID", "Nazwa") values ('114', 'Essetreen complex');
insert into Lek ("ID", "Nazwa") values ('115', 'Falumax');
insert into Lek ("ID", "Nazwa") values ('116', 'Falvit');
insert into Lek ("ID", "Nazwa") values ('117', 'Falvit estro');
insert into Lek ("ID", "Nazwa") values ('118', 'Falvit Mama');
insert into Lek ("ID", "Nazwa") values ('119', 'Femal Forte Menopauza');
insert into Lek ("ID", "Nazwa") values ('120', 'Femal PMS Forte');
insert into Lek ("ID", "Nazwa") values ('121', 'Femaltiker');
insert into Lek ("ID", "Nazwa") values ('122', 'FemaPause (kapsulki)');
insert into Lek ("ID", "Nazwa") values ('123', 'Folic');
insert into Lek ("ID", "Nazwa") values ('124', 'Folic Active');
insert into Lek ("ID", "Nazwa") values ('125', 'Folicum acidum');
insert into Lek ("ID", "Nazwa") values ('126', 'Folidyne Protect');
insert into Lek ("ID", "Nazwa") values ('127', 'Galium-Heel N (iniekcje)');
insert into Lek ("ID", "Nazwa") values ('128', 'Galium-Heel N (krople)');
insert into Lek ("ID", "Nazwa") values ('129', 'Galomega');
insert into Lek ("ID", "Nazwa") values ('130', 'Galomega Formula IQ');
insert into Lek ("ID", "Nazwa") values ('131', 'Gardelix Junior');
insert into Lek ("ID", "Nazwa") values ('132', 'Gardimax (syrop)');
insert into Lek ("ID", "Nazwa") values ('133', 'Gardimax Junior');
insert into Lek ("ID", "Nazwa") values ('134', 'Gardimax Mini');
insert into Lek ("ID", "Nazwa") values ('135', 'Gardimax na Gardlo');
insert into Lek ("ID", "Nazwa") values ('136', 'Gardimax Termogripp');
insert into Lek ("ID", "Nazwa") values ('137', 'Gardloseptin');
insert into Lek ("ID", "Nazwa") values ('138', 'Gardlox (tabletki do ssania)');
insert into Lek ("ID", "Nazwa") values ('139', 'Gardlox 7 syrop ziolowy bez cukru');
insert into Lek ("ID", "Nazwa") values ('140', 'Gardlox Impact Forte');
insert into Lek ("ID", "Nazwa") values ('141', 'Ha-Pantoten Classic');
insert into Lek ("ID", "Nazwa") values ('142', 'Ha-Pantoten optimum');
insert into Lek ("ID", "Nazwa") values ('143', 'Hair Okey');
insert into Lek ("ID", "Nazwa") values ('144', 'Hairkare');
insert into Lek ("ID", "Nazwa") values ('145', 'Hamamelis-Homaccord');
insert into Lek ("ID", "Nazwa") values ('146', 'Hamamelis-Homaccord (iniekcje)');
insert into Lek ("ID", "Nazwa") values ('147', 'Happy Coffee');
insert into Lek ("ID", "Nazwa") values ('148', 'Happy Plus');
insert into Lek ("ID", "Nazwa") values ('149', 'Happy Tonic');
insert into Lek ("ID", "Nazwa") values ('150', 'Inneov Cellulit');
insert into Lek ("ID", "Nazwa") values ('151', 'Inneov D-Tox na niedoskonalosci');
insert into Lek ("ID", "Nazwa") values ('152', 'Inneov Drenaz');
insert into Lek ("ID", "Nazwa") values ('153', 'Inneov Gestosc wlosow');
insert into Lek ("ID", "Nazwa") values ('154', 'Inneov Gestosc wlosow - wlosy farbowane');
insert into Lek ("ID", "Nazwa") values ('155', 'Inneov Homme');
insert into Lek ("ID", "Nazwa") values ('156', 'Inneov Jedrnosc skory');
insert into Lek ("ID", "Nazwa") values ('157', 'Inneov Kuracja przeciw starzeniu');
insert into Lek ("ID", "Nazwa") values ('158', 'Inneov Slonce');
insert into Lek ("ID", "Nazwa") values ('159', 'Inneov Sucha Skora');
insert into Lek ("ID", "Nazwa") values ('160', 'Inofolic');
insert into Lek ("ID", "Nazwa") values ('161', 'Inozytol');
insert into Lek ("ID", "Nazwa") values ('162', 'Inseptox');
insert into Lek ("ID", "Nazwa") values ('163', 'Jeliton');
insert into Lek ("ID", "Nazwa") values ('164', 'Jelitowa Flora Bakteryjna');
insert into Lek ("ID", "Nazwa") values ('165', 'Jiao Gu Lan');
insert into Lek ("ID", "Nazwa") values ('166', 'Jod Activ');
insert into Lek ("ID", "Nazwa") values ('167', 'Junical D3');
insert into Lek ("ID", "Nazwa") values ('168', 'Junical Zeby');
insert into Lek ("ID", "Nazwa") values ('169', 'Junior angin');
insert into Lek ("ID", "Nazwa") values ('170', 'Juniperus Complexe Nr 6');
insert into Lek ("ID", "Nazwa") values ('171', 'Karczoch');
insert into Lek ("ID", "Nazwa") values ('172', 'KardioStabil');
insert into Lek ("ID", "Nazwa") values ('173', 'Karmelki Extra Starka');
insert into Lek ("ID", "Nazwa") values ('174', 'Karnifort');
insert into Lek ("ID", "Nazwa") values ('175', 'Karnityna Ambio');
insert into Lek ("ID", "Nazwa") values ('176', 'Karovit');
insert into Lek ("ID", "Nazwa") values ('177', 'L- Karnityna (Bio-Tech)');
insert into Lek ("ID", "Nazwa") values ('178', 'L- Karnityna (Herbapol)');
insert into Lek ("ID", "Nazwa") values ('179', 'L- Karnityna (Naturell)');
insert into Lek ("ID", "Nazwa") values ('180', 'L-Arginina');
insert into Lek ("ID", "Nazwa") values ('181', 'L-Karnityna 3 Activ Naturkaps');
insert into Lek ("ID", "Nazwa") values ('182', 'L-Karnityna 350');
insert into Lek ("ID", "Nazwa") values ('183', 'L-Karnityna 500 + chrom');
insert into Lek ("ID", "Nazwa") values ('184', 'L-Karnityna Direct');
insert into Lek ("ID", "Nazwa") values ('185', 'Sabal-Homaccord');
insert into Lek ("ID", "Nazwa") values ('186', 'Sabril');
insert into Lek ("ID", "Nazwa") values ('187', 'Sabumalin');
insert into Lek ("ID", "Nazwa") values ('188', 'Sachol');
insert into Lek ("ID", "Nazwa") values ('189', 'Sadamin');
insert into Lek ("ID", "Nazwa") values ('190', 'Salicylol');
insert into Lek ("ID", "Nazwa") values ('191', 'Sadamin prolongatum');
insert into Lek ("ID", "Nazwa") values ('192', 'Saflogin');
insert into Lek ("ID", "Nazwa") values ('193', 'Sal Carolinum Factitium effervescens');
insert into Lek ("ID", "Nazwa") values ('194', 'Sal Ems Artificiale');
insert into Lek ("ID", "Nazwa") values ('195', 'Sal Ems factitium');
insert into Lek ("ID", "Nazwa") values ('196', 'Sal Vichy Factitium');
insert into Lek ("ID", "Nazwa") values ('197', 'Salazopyrin EN');
insert into Lek ("ID", "Nazwa") values ('198', 'Salbutamolum');
insert into Lek ("ID", "Nazwa") values ('199', 'Salofalk');
insert into Lek ("ID", "Nazwa") values ('200', 'Saldiam');
insert into Lek ("ID", "Nazwa") values ('201', 'Salfazin');
insert into Lek ("ID", "Nazwa") values ('202', 'Salhydron');
insert into Lek ("ID", "Nazwa") values ('203', 'Salicis cortex extractum siccum');
insert into Lek ("ID", "Nazwa") values ('204', 'Salpirin');
insert into Lek ("ID", "Nazwa") values ('205', 'Salicortex');
insert into Lek ("ID", "Nazwa") values ('206', 'Salumin Activ');
insert into Lek ("ID", "Nazwa") values ('207', 'Saliderm');
insert into Lek ("ID", "Nazwa") values ('208', 'Saluran');
insert into Lek ("ID", "Nazwa") values ('209', 'Salipax');
insert into Lek ("ID", "Nazwa") values ('210', 'Salus Natura Calmagin');
insert into Lek ("ID", "Nazwa") values ('211', 'Salisal');
insert into Lek ("ID", "Nazwa") values ('212', 'Salivarex');
insert into Lek ("ID", "Nazwa") values ('213', 'Salix purpurea');
insert into Lek ("ID", "Nazwa") values ('214', 'Salmex');
insert into Lek ("ID", "Nazwa") values ('215', 'Salotannal');
insert into Lek ("ID", "Nazwa") values ('216', 'Salus Natura Beta glucan');
insert into Lek ("ID", "Nazwa") values ('217', 'Salus Natura Elagika');
insert into Lek ("ID", "Nazwa") values ('218', 'Salus Natura Femiflavon');
insert into Lek ("ID", "Nazwa") values ('219', 'Salus Natura G-Aktiv');
insert into Lek ("ID", "Nazwa") values ('220', 'Salus Natura Kwas Foliowy Plus');
insert into Lek ("ID", "Nazwa") values ('221', 'Sandimmun Neoral');
insert into Lek ("ID", "Nazwa") values ('222', 'Salus Natura Magnolia');
insert into Lek ("ID", "Nazwa") values ('223', 'Salus Natura ProKaroten');
insert into Lek ("ID", "Nazwa") values ('224', 'Salus Natura Superferrin');
insert into Lek ("ID", "Nazwa") values ('225', 'Salviae folii extracum');
insert into Lek ("ID", "Nazwa") values ('226', 'Octreotidum');
insert into Lek ("ID", "Nazwa") values ('227', 'Salviasept');
insert into Lek ("ID", "Nazwa") values ('228', 'Salvigol Bio Pediatric');
insert into Lek ("ID", "Nazwa") values ('229', 'Sampelo Kids');
insert into Lek ("ID", "Nazwa") values ('230', 'Sanostol');
insert into Lek ("ID", "Nazwa") values ('231', 'Sandoglobulin P');
insert into Lek ("ID", "Nazwa") values ('232', 'Sandostatin');
insert into Lek ("ID", "Nazwa") values ('233', 'SanoFerrin complex');
insert into Lek ("ID", "Nazwa") values ('234', 'Sanofil');
insert into Lek ("ID", "Nazwa") values ('235', 'Sanosvit Calcium');
insert into Lek ("ID", "Nazwa") values ('236', 'Olanzapinum');
insert into Lek ("ID", "Nazwa") values ('237', 'Sanprobi IBS');
insert into Lek ("ID", "Nazwa") values ('238', 'Sanza');
insert into Lek ("ID", "Nazwa") values ('239', 'Sapoven');
insert into Lek ("ID", "Nazwa") values ('240', 'Sapoven AT');
insert into Lek ("ID", "Nazwa") values ('241', 'Sapoven T');
insert into Lek ("ID", "Nazwa") values ('242', 'Saridon');
insert into Lek ("ID", "Nazwa") values ('243', 'Sarve');
insert into Lek ("ID", "Nazwa") values ('244', 'Satibo');
insert into Lek ("ID", "Nazwa") values ('245', 'Satinea');
insert into Lek ("ID", "Nazwa") values ('246', 'Satural');
insert into Lek ("ID", "Nazwa") values ('247', 'Savandra');
insert into Lek ("ID", "Nazwa") values ('248', 'Savarix');
insert into Lek ("ID", "Nazwa") values ('249', 'Saziadrink');
insert into Lek ("ID", "Nazwa") values ('250', 'S-Biotic');
insert into Lek ("ID", "Nazwa") values ('251', 'Scaldex');
insert into Lek ("ID", "Nazwa") values ('252', 'S-Cardiox');
insert into Lek ("ID", "Nazwa") values ('253', 'Schwef');
insert into Lek ("ID", "Nazwa") values ('254', 'Sclefic');
insert into Lek ("ID", "Nazwa") values ('255', 'Sclerocalcine');
insert into Lek ("ID", "Nazwa") values ('256', 'Scopolan');
insert into Lek ("ID", "Nazwa") values ('257', 'Sea Kelp');
insert into Lek ("ID", "Nazwa") values ('258', 'Amoxicillinum');
insert into Lek ("ID", "Nazwa") values ('259', 'Olanzapinum');
insert into Lek ("ID", "Nazwa") values ('260', 'Rami-A');
insert into Lek ("ID", "Nazwa") values ('261', 'Pantoprazolum');
insert into Lek ("ID", "Nazwa") values ('262', 'Ramicor');
insert into Lek ("ID", "Nazwa") values ('263', 'Ramiprilum');
insert into Lek ("ID", "Nazwa") values ('264', 'Radirex');
insert into Lek ("ID", "Nazwa") values ('265', 'Ramicor Comb');
insert into Lek ("ID", "Nazwa") values ('266', 'Ramipril Actavis');
insert into Lek ("ID", "Nazwa") values ('267', 'Ramipril Pfizer');
insert into Lek ("ID", "Nazwa") values ('268', 'Ramipril-ratiopharm');
insert into Lek ("ID", "Nazwa") values ('269', 'Ramiprilum 123ratio');
insert into Lek ("ID", "Nazwa") values ('270', 'Ramiprilum, Amlodipinum');
insert into Lek ("ID", "Nazwa") values ('271', 'Ramiprilum, Hydrochlorothiazidum');
insert into Lek ("ID", "Nazwa") values ('272', 'Ramistad');
insert into Lek ("ID", "Nazwa") values ('273', 'Ramizek');
insert into Lek ("ID", "Nazwa") values ('274', 'Ramoclav');
insert into Lek ("ID", "Nazwa") values ('275', 'Ranacand');
insert into Lek ("ID", "Nazwa") values ('276', 'Candesartanum cilexetilum');
insert into Lek ("ID", "Nazwa") values ('277', 'Ranexa');
insert into Lek ("ID", "Nazwa") values ('278', 'Ranolazinum');
insert into Lek ("ID", "Nazwa") values ('279', 'Raniberl');
insert into Lek ("ID", "Nazwa") values ('280', 'Ramve');
insert into Lek ("ID", "Nazwa") values ('281', 'Ranic (tabletki)');
insert into Lek ("ID", "Nazwa") values ('282', 'Ranigast');
insert into Lek ("ID", "Nazwa") values ('283', 'Ranigast Fast');
insert into Lek ("ID", "Nazwa") values ('284', 'Ranigast Max');
insert into Lek ("ID", "Nazwa") values ('285', 'Ranigast Pro');
insert into Lek ("ID", "Nazwa") values ('286', 'Ranimax');
insert into Lek ("ID", "Nazwa") values ('287', 'Ranisan 150');
insert into Lek ("ID", "Nazwa") values ('288', 'Ranitidinum');
insert into Lek ("ID", "Nazwa") values ('289', 'Ranisan 75');
insert into Lek ("ID", "Nazwa") values ('290', 'Ranitin');
insert into Lek ("ID", "Nazwa") values ('291', 'Ranitydyna');
insert into Lek ("ID", "Nazwa") values ('292', 'Ranloc');
insert into Lek ("ID", "Nazwa") values ('293', 'Ranlosin');
insert into Lek ("ID", "Nazwa") values ('294', 'Ranofren');
insert into Lek ("ID", "Nazwa") values ('295', 'Ranopril');
insert into Lek ("ID", "Nazwa") values ('296', 'Ubretid');
insert into Lek ("ID", "Nazwa") values ('297', 'Ulfamid');
insert into Lek ("ID", "Nazwa") values ('298', 'Ulgafen');
insert into Lek ("ID", "Nazwa") values ('299', 'Ulgamax');
insert into Lek ("ID", "Nazwa") values ('300', 'Ulgastran');
insert into Lek ("ID", "Nazwa") values ('301', 'Ulgix');
insert into Lek ("ID", "Nazwa") values ('302', 'Ultibro Breezhaler');
insert into Lek ("ID", "Nazwa") values ('303', 'Ultop');
insert into Lek ("ID", "Nazwa") values ('304', 'Ultracod');
insert into Lek ("ID", "Nazwa") values ('305', 'Ultrafastin');
insert into Lek ("ID", "Nazwa") values ('306', 'UltralaC');
insert into Lek ("ID", "Nazwa") values ('307', 'UltralaC Baby');
insert into Lek ("ID", "Nazwa") values ('308', 'UltralaC RICH');
insert into Lek ("ID", "Nazwa") values ('309', 'Ultratard HM');
insert into Lek ("ID", "Nazwa") values ('310', 'Ulzol');
insert into Lek ("ID", "Nazwa") values ('311', 'Unasyn');
insert into Lek ("ID", "Nazwa") values ('312', 'Undestor');
insert into Lek ("ID", "Nazwa") values ('313', 'Undofen');
insert into Lek ("ID", "Nazwa") values ('314', 'Uniben');
insert into Lek ("ID", "Nazwa") values ('315', 'UniCal 500D');
insert into Lek ("ID", "Nazwa") values ('316', 'Unidox Solutab');
insert into Lek ("ID", "Nazwa") values ('317', 'Unifungicid');
insert into Lek ("ID", "Nazwa") values ('318', 'UniKalk Basic');
insert into Lek ("ID", "Nazwa") values ('319', 'UniKalk Osteo');
insert into Choroba ("ID", "Nazwa") values ('1', 'Accne rosacea');
insert into Choroba ("ID", "Nazwa") values ('2', 'Achalazja');
insert into Choroba ("ID", "Nazwa") values ('3', 'Achondroplazja');
insert into Choroba ("ID", "Nazwa") values ('4', 'Acute lymphoblstic leukemia');
insert into Choroba ("ID", "Nazwa") values ('5', 'Acute myelogenous leukemia');
insert into Choroba ("ID", "Nazwa") values ('6', 'ADHD');
insert into Choroba ("ID", "Nazwa") values ('7', 'Afazja');
insert into Choroba ("ID", "Nazwa") values ('8', 'Afta');
insert into Choroba ("ID", "Nazwa") values ('9', 'Agnozja');
insert into Choroba ("ID", "Nazwa") values ('10', 'Agorafobia');
insert into Choroba ("ID", "Nazwa") values ('11', 'Agranulocytoza');
insert into Choroba ("ID", "Nazwa") values ('12', 'AIDS');
insert into Choroba ("ID", "Nazwa") values ('13', 'Akrofobia');
insert into Choroba ("ID", "Nazwa") values ('14', 'Akromegalia');
insert into Choroba ("ID", "Nazwa") values ('15', 'Aktynomikoza');
insert into Choroba ("ID", "Nazwa") values ('16', 'Albinizm');
insert into Choroba ("ID", "Nazwa") values ('17', 'Aldosteronizm');
insert into Choroba ("ID", "Nazwa") values ('18', 'Alergia');
insert into Choroba ("ID", "Nazwa") values ('19', 'Alergia atopowa');
insert into Choroba ("ID", "Nazwa") values ('20', 'Alergia kontaktowa');
insert into Choroba ("ID", "Nazwa") values ('21', 'Alergia krzyzowa');
insert into Choroba ("ID", "Nazwa") values ('22', 'Alergia na gluten');
insert into Choroba ("ID", "Nazwa") values ('23', 'Alergia na jad owadow');
insert into Choroba ("ID", "Nazwa") values ('24', 'Alergia na psa');
insert into Choroba ("ID", "Nazwa") values ('25', 'Alergia na roztocza');
insert into Choroba ("ID", "Nazwa") values ('26', 'Alergia pokarmowa');
insert into Choroba ("ID", "Nazwa") values ('27', 'Alergia wziewna');
insert into Choroba ("ID", "Nazwa") values ('28', 'Alergiczne kontaktowe zapalenie skory');
insert into Choroba ("ID", "Nazwa") values ('29', 'Alergiczne zapalenie pecherzykow plucnych');
insert into Choroba ("ID", "Nazwa") values ('30', 'Alergiczny katar');
insert into Choroba ("ID", "Nazwa") values ('31', 'Alergie skorne');
insert into Choroba ("ID", "Nazwa") values ('32', 'Alkoholizm');
insert into Choroba ("ID", "Nazwa") values ('33', 'Alkoholowe choroby watroby');
insert into Choroba ("ID", "Nazwa") values ('34', 'Alkoholowe zapalenie watroby');
insert into Choroba ("ID", "Nazwa") values ('35', 'Alkoholowy zespol abstynencyjny');
insert into Choroba ("ID", "Nazwa") values ('36', 'Amblyopia');
insert into Choroba ("ID", "Nazwa") values ('37', 'Ameboza');
insert into Choroba ("ID", "Nazwa") values ('38', 'Amyloidoza');
insert into Choroba ("ID", "Nazwa") values ('39', 'Anafilaksja');
insert into Choroba ("ID", "Nazwa") values ('40', 'Anaplazmoza');
insert into Choroba ("ID", "Nazwa") values ('41', 'Andropauza');
insert into Choroba ("ID", "Nazwa") values ('42', 'Anemia');
insert into Choroba ("ID", "Nazwa") values ('43', 'Anemia aplastyczna');
insert into Choroba ("ID", "Nazwa") values ('44', 'Anemia gornikow');
insert into Choroba ("ID", "Nazwa") values ('45', 'Anemia sierpowata');
insert into Choroba ("ID", "Nazwa") values ('46', 'Angina');
insert into Choroba ("ID", "Nazwa") values ('47', 'Angina brzuszna');
insert into Choroba ("ID", "Nazwa") values ('48', 'Angina monocytowa');
insert into Choroba ("ID", "Nazwa") values ('49', 'Angina ropna');
insert into Choroba ("ID", "Nazwa") values ('50', 'Anhedonia');
insert into Choroba ("ID", "Nazwa") values ('51', 'Anisakioza');
insert into Choroba ("ID", "Nazwa") values ('52', 'Ankylostymoza');
insert into Choroba ("ID", "Nazwa") values ('53', 'Anomalia Pelgera - Hueta');
insert into Choroba ("ID", "Nazwa") values ('54', 'Anoreksja');
insert into Choroba ("ID", "Nazwa") values ('55', 'Anorgazmia');
insert into Choroba ("ID", "Nazwa") values ('56', 'Anosmia');
insert into Choroba ("ID", "Nazwa") values ('57', 'Anxiety neurosis');
insert into Choroba ("ID", "Nazwa") values ('58', 'Apophysitis calcanei');
insert into Choroba ("ID", "Nazwa") values ('59', 'Artretyzm');
insert into Choroba ("ID", "Nazwa") values ('60', 'Artroza');
insert into Choroba ("ID", "Nazwa") values ('61', 'Artroza kregoslupowo-zebrowa');
insert into Choroba ("ID", "Nazwa") values ('62', 'Artroza segmentu kregowego');
insert into Choroba ("ID", "Nazwa") values ('63', 'Arytmia');
insert into Choroba ("ID", "Nazwa") values ('64', 'Askarioza');
insert into Choroba ("ID", "Nazwa") values ('65', 'Aspergiloza');
insert into Choroba ("ID", "Nazwa") values ('66', 'Astma aspirynowa');
insert into Choroba ("ID", "Nazwa") values ('67', 'Astma kaszlowa');
insert into Choroba ("ID", "Nazwa") values ('68', 'Astma oskrzelowa');
insert into Choroba ("ID", "Nazwa") values ('69', 'Astma pylkowa');
insert into Choroba ("ID", "Nazwa") values ('70', 'Astma sercowa');
insert into Choroba ("ID", "Nazwa") values ('71', 'Astma wysilkowa');
insert into Choroba ("ID", "Nazwa") values ('72', 'Astygmatyzm');
insert into Choroba ("ID", "Nazwa") values ('73', 'Ataksja rdzeniowo - mozdzkowa');
insert into Choroba ("ID", "Nazwa") values ('74', 'Athaeroma');
insert into Choroba ("ID", "Nazwa") values ('75', 'Atopowe zapalenie skory');
insert into Choroba ("ID", "Nazwa") values ('76', 'Atopowe zapalenie spojowek i rogowki');
insert into Choroba ("ID", "Nazwa") values ('77', 'Autoimmunologiczne zapalenie watroby');
insert into Choroba ("ID", "Nazwa") values ('78', 'Autyzm');
insert into Choroba ("ID", "Nazwa") values ('79', 'Azbestoza');
insert into Choroba ("ID", "Nazwa") values ('80', 'Babejoza');
insert into Choroba ("ID", "Nazwa") values ('81', 'Bakteryjne zapalenie pochwy');
insert into Choroba ("ID", "Nazwa") values ('82', 'Bakteryjne zapalenie wsierdzia');
insert into Choroba ("ID", "Nazwa") values ('83', 'Balantidioza');
insert into Choroba ("ID", "Nazwa") values ('84', 'Bartoneloza');
insert into Choroba ("ID", "Nazwa") values ('85', 'Bablowica');
insert into Choroba ("ID", "Nazwa") values ('86', 'Bezmocz mechaniczny');
insert into Choroba ("ID", "Nazwa") values ('87', 'Bezsennosc');
insert into Choroba ("ID", "Nazwa") values ('88', 'Bebnica');
insert into Choroba ("ID", "Nazwa") values ('89', 'Bialaczka');
insert into Choroba ("ID", "Nazwa") values ('90', 'Bialaczka wlochatokomorkowa');
insert into Choroba ("ID", "Nazwa") values ('91', 'Biegunka');
insert into Choroba ("ID", "Nazwa") values ('92', 'Biegunka podroznych');
insert into Choroba ("ID", "Nazwa") values ('93', 'Biegunka rotawirusowa');
insert into Choroba ("ID", "Nazwa") values ('94', 'Bielactwo nabyte');
insert into Choroba ("ID", "Nazwa") values ('95', 'Biodro przeskakujace');
insert into Choroba ("ID", "Nazwa") values ('96', 'Bladosc');
insert into Choroba ("ID", "Nazwa") values ('97', 'Blastomykoza');
insert into Choroba ("ID", "Nazwa") values ('98', 'Bledne kolo');
insert into Choroba ("ID", "Nazwa") values ('99', 'Blonica');
insert into Choroba ("ID", "Nazwa") values ('100', 'Celiakia');
insert into Choroba ("ID", "Nazwa") values ('101', 'Chlamydia i ureaplazma');
insert into Choroba ("ID", "Nazwa") values ('102', 'Chlamydioza');
insert into Choroba ("ID", "Nazwa") values ('103', 'Chloniak Burkitta');
insert into Choroba ("ID", "Nazwa") values ('104', 'Chloniak grudkowy');
insert into Choroba ("ID", "Nazwa") values ('105', 'Chloniak MALT');
insert into Choroba ("ID", "Nazwa") values ('106', 'Chloniak zoladka');
insert into Choroba ("ID", "Nazwa") values ('107', 'Chloniaki');
insert into Choroba ("ID", "Nazwa") values ('108', 'Chloniaki zoladka');
insert into Choroba ("ID", "Nazwa") values ('109', 'Cholera');
insert into Choroba ("ID", "Nazwa") values ('110', 'Cholestaza ciezarnych');
insert into Choroba ("ID", "Nazwa") values ('111', 'Chondromalacja rzepki');
insert into Choroba ("ID", "Nazwa") values ('112', 'Choroba afektywna');
insert into Choroba ("ID", "Nazwa") values ('113', 'Choroba Alzheimera');
insert into Choroba ("ID", "Nazwa") values ('114', 'Choroba Banga');
insert into Choroba ("ID", "Nazwa") values ('115', 'Choroba Bechterewa');
insert into Choroba ("ID", "Nazwa") values ('116', 'Choroba Buergera');
insert into Choroba ("ID", "Nazwa") values ('117', 'Choroba Burgera');
insert into Choroba ("ID", "Nazwa") values ('118', 'Choroba Chagasa');
insert into Choroba ("ID", "Nazwa") values ('119', 'Choroba Cushinga');
insert into Choroba ("ID", "Nazwa") values ('120', 'Choroba Dariera');
insert into Choroba ("ID", "Nazwa") values ('121', 'Choroba de Quervainea');
insert into Choroba ("ID", "Nazwa") values ('122', 'Choroba dekompresyjna');
insert into Choroba ("ID", "Nazwa") values ('123', 'Choroba Dercuma');
insert into Choroba ("ID", "Nazwa") values ('124', 'Choroba Duplaya');
insert into Choroba ("ID", "Nazwa") values ('125', 'Dalekowzrocznosc');
insert into Choroba ("ID", "Nazwa") values ('126', 'Daltonizm');
insert into Choroba ("ID", "Nazwa") values ('127', 'Demencja pourazowa');
insert into Choroba ("ID", "Nazwa") values ('128', 'Depresja');
insert into Choroba ("ID", "Nazwa") values ('129', 'Depresja poporodowa');
insert into Choroba ("ID", "Nazwa") values ('130', 'Depresja zimowa');
insert into Choroba ("ID", "Nazwa") values ('131', 'Difteria');
insert into Choroba ("ID", "Nazwa") values ('132', 'Difylobotrioza');
insert into Choroba ("ID", "Nazwa") values ('133', 'Dna moczanowa');
insert into Choroba ("ID", "Nazwa") values ('134', 'Drakunkuloza');
insert into Choroba ("ID", "Nazwa") values ('135', 'Dreszcze');
insert into Choroba ("ID", "Nazwa") values ('136', 'Drgawki');
insert into Choroba ("ID", "Nazwa") values ('137', 'Drozdzyca');
insert into Choroba ("ID", "Nazwa") values ('138', 'Drzaczka porazna');
insert into Choroba ("ID", "Nazwa") values ('139', 'Drzenie klatki piersiowej - mruki');
insert into Choroba ("ID", "Nazwa") values ('140', 'Drzenie rak');
insert into Choroba ("ID", "Nazwa") values ('141', 'Dur brzuszny');
insert into Choroba ("ID", "Nazwa") values ('142', 'Dur plamisty');
insert into Choroba ("ID", "Nazwa") values ('143', 'Jadlowstret psychiczny');
insert into Choroba ("ID", "Nazwa") values ('144', 'Jaglica');
insert into Choroba ("ID", "Nazwa") values ('145', 'Jalowa martwica kosci');
insert into Choroba ("ID", "Nazwa") values ('146', 'Jaskra');
insert into Choroba ("ID", "Nazwa") values ('147', 'Jaskra dziecieca (wrodzona)');
insert into Choroba ("ID", "Nazwa") values ('148', 'Jaskra u dzieci');
insert into Choroba ("ID", "Nazwa") values ('149', 'Jadrzak');
insert into Choroba ("ID", "Nazwa") values ('150', 'Jakanie u dziecka');
insert into Choroba ("ID", "Nazwa") values ('151', 'Jersinioza');
insert into Choroba ("ID", "Nazwa") values ('152', 'Jeczmien');
insert into Choroba ("ID", "Nazwa") values ('153', 'Gruzlica');
insert into Choroba ("ID", "Nazwa") values ('154', 'Gruzlica kostno-stawowa');
insert into Choroba ("ID", "Nazwa") values ('155', 'Gruzlica narzadu rodnego');
insert into Choroba ("ID", "Nazwa") values ('156', 'Gruzlica pluc');
insert into Choroba ("ID", "Nazwa") values ('157', 'Gruzlica urologiczna');
insert into Choroba ("ID", "Nazwa") values ('158', 'Grypa');
insert into Choroba ("ID", "Nazwa") values ('159', 'Grypa zoladkowa: grypa jelitowa - jelitowka');
insert into Choroba ("ID", "Nazwa") values ('160', 'Grzybica dloni');
insert into Choroba ("ID", "Nazwa") values ('161', 'Grzybica jezyka');
insert into Choroba ("ID", "Nazwa") values ('162', 'Grzybica pachwin');
insert into Choroba ("ID", "Nazwa") values ('163', 'Grzybica paznokci');
insert into Choroba ("ID", "Nazwa") values ('164', 'Grzybica pluc');
insert into Choroba ("ID", "Nazwa") values ('165', 'Grzybica pochwy');
insert into Choroba ("ID", "Nazwa") values ('166', 'Nadcisnienie naczyniowonerkowe');
insert into Choroba ("ID", "Nazwa") values ('167', 'Nadcisnienie tetnicze');
insert into Choroba ("ID", "Nazwa") values ('168', 'Nadczynnosc gruczolow przytarczycznych');
insert into Choroba ("ID", "Nazwa") values ('169', 'Nadczynnosc hormonalna jader');
insert into Choroba ("ID", "Nazwa") values ('170', 'Nadczynnosc przytarczyc');
insert into Choroba ("ID", "Nazwa") values ('171', 'Nadczynnosc tarczycy');
insert into Choroba ("ID", "Nazwa") values ('172', 'Nadkrwistosc');
insert into Choroba ("ID", "Nazwa") values ('173', 'Nadmierne krwawienia miesieczne');
insert into Choroba ("ID", "Nazwa") values ('174', 'Nadmierne lzawienie');
insert into Choroba ("ID", "Nazwa") values ('175', 'Nadmierne owlosienie');
insert into Choroba ("ID", "Nazwa") values ('176', 'Nadmierne pragnienie');
insert into Choroba ("ID", "Nazwa") values ('177', 'Nadwrazliwosc pokarmowa');
insert into Choroba ("ID", "Nazwa") values ('178', 'Nadwrazliwosc zebiny');
insert into Choroba ("ID", "Nazwa") values ('179', 'Nadwrazliwosc zebow');
insert into Choroba ("ID", "Nazwa") values ('180', 'Nadwzrocznosc');
insert into Choroba ("ID", "Nazwa") values ('181', 'Nadzerka szyjki macicy');
insert into Choroba ("ID", "Nazwa") values ('182', 'Nagla gluchota');
insert into Choroba ("ID", "Nazwa") values ('183', 'Nagminne zapalenie przyusznic');
insert into Choroba ("ID", "Nazwa") values ('184', 'Napadowa hemoglobinuria z zimna');
insert into Choroba ("ID", "Nazwa") values ('185', 'Napady hipoksemiczne');
insert into Choroba ("ID", "Nazwa") values ('186', 'Narkolepsja');
insert into Choroba ("ID", "Nazwa") values ('187', 'Ucho plywaka');
insert into Choroba ("ID", "Nazwa") values ('188', 'Uchylek Meckela');
insert into Choroba ("ID", "Nazwa") values ('189', 'Uczulenie');
insert into Choroba ("ID", "Nazwa") values ('190', 'Udar mozgu');
insert into Choroba ("ID", "Nazwa") values ('191', 'Ukladowe zapalenia naczyn');
insert into Choroba ("ID", "Nazwa") values ('192', 'Uposledzenie umyslowe');
insert into Choroba ("ID", "Nazwa") values ('193', 'Uraz akustyczny');
insert into Choroba ("ID", "Nazwa") values ('194', 'Urazy glowy');
insert into Choroba ("ID", "Nazwa") values ('195', 'Urazy i zlamania nosa');
insert into Choroba ("ID", "Nazwa") values ('196', 'Uremia');
insert into Choroba ("ID", "Nazwa") values ('197', 'Uszkodzenie nerwow obwodowych');
insert into Choroba ("ID", "Nazwa") values ('198', 'Uszkodzenie oka energia promienista');
insert into Choroba ("ID", "Nazwa") values ('199', 'Zaburzenia afektywne');
insert into Choroba ("ID", "Nazwa") values ('200', 'Zaburzenia czucia');
insert into Choroba ("ID", "Nazwa") values ('201', 'Zaburzenia czynnosci wewnatrzwydzielniczej jajnikow');
insert into Choroba ("ID", "Nazwa") values ('202', 'Zaburzenia krzepniecia krwi');
insert into Choroba ("ID", "Nazwa") values ('203', 'Zaburzenia nerwicowe');
insert into Choroba ("ID", "Nazwa") values ('204', 'Zaburzenia obsesyjno-kompulsywne');
insert into Choroba ("ID", "Nazwa") values ('205', 'Zaburzenia osobowosci');
insert into Choroba ("ID", "Nazwa") values ('206', 'Zaburzenia pamieci i intelektu');
insert into Choroba ("ID", "Nazwa") values ('207', 'Zaburzenia percepcji wzrokowej');
insert into Choroba ("ID", "Nazwa") values ('208', 'Zaburzenia psychiczne');
insert into Choroba ("ID", "Nazwa") values ('209', 'Zaburzenia rownowagi');
insert into Choroba ("ID", "Nazwa") values ('210', 'Zaburzenia w oddawaniu moczu');
insert into Choroba ("ID", "Nazwa") values ('211', 'Zaburzenie rytmu serca');
insert into Choroba ("ID", "Nazwa") values ('212', 'Zacma');
insert into Choroba ("ID", "Nazwa") values ('213', 'Zacma dziecieca');
insert into Choroba ("ID", "Nazwa") values ('214', 'Zacma starcza');
insert into Choroba ("ID", "Nazwa") values ('215', 'Zakazenia adenowirusami');
insert into Choroba ("ID", "Nazwa") values ('216', 'Zakazenia ukladu moczowego');
insert into Choroba ("ID", "Nazwa") values ('217', 'Zakazenie gronkowcem zlocistym');
insert into Choroba ("ID", "Nazwa") values ('218', 'Zakazenie laseczka jadu kielbasianego');
insert into Choroba ("ID", "Nazwa") values ('219', 'Zakazenie meningokokami');
insert into Choroba ("ID", "Nazwa") values ('220', 'Zakazenie osrodkowego ukladu nerwowego');
insert into Choroba ("ID", "Nazwa") values ('221', 'Zakazenie paciorkowcem');
insert into Choroba ("ID", "Nazwa") values ('222', 'Zakazenie pneumokokami');
insert into Choroba ("ID", "Nazwa") values ('223', 'Zakazenie pologowe');
insert into Choroba ("ID", "Nazwa") values ('224', 'Zakazenie poronne');
insert into Choroba ("ID", "Nazwa") values ('225', 'Zakazenie rotawirusem');
insert into Choroba ("ID", "Nazwa") values ('226', 'Zakazenie rzesistkiem pochwowym');
insert into Choroba ("ID", "Nazwa") values ('227', 'Zakazenie wirusem Coxsackie');
insert into Choroba ("ID", "Nazwa") values ('228', 'Zakazenie wirusem Ebola');
insert into Choroba ("ID", "Nazwa") values ('229', 'Zakazenie wirusem opryszczki zwyklej');
insert into Choroba ("ID", "Nazwa") values ('230', 'Zakleszczajace zapalenie sciegna');
insert into Choroba ("ID", "Nazwa") values ('231', 'Zakrzepica zyl glebokich konczyn dolnych');
insert into Choroba ("ID", "Nazwa") values ('232', 'Zakrzepowa plamica maloplytkowa');
insert into Choroba ("ID", "Nazwa") values ('233', 'Zakrzepowe zapalenie zyl');
insert into Choroba ("ID", "Nazwa") values ('234', 'Zakrzepowo-zarostowe zapalenie tetnic i zyl');
insert into Choroba ("ID", "Nazwa") values ('235', 'Zakupoholizm');
insert into Choroba ("ID", "Nazwa") values ('236', 'Zakwaszenie organizmu');
insert into Choroba ("ID", "Nazwa") values ('237', 'Zanokcica');
insert into Choroba ("ID", "Nazwa") values ('238', 'Zapalenia drog oddechowych');
insert into Choroba ("ID", "Nazwa") values ('239', 'Zapalenia twardowki');
insert into Choroba ("ID", "Nazwa") values ('240', 'Zapalenie blednika');
insert into Choroba ("ID", "Nazwa") values ('241', 'Zapalenie blony sluzowej nosa');
insert into Choroba ("ID", "Nazwa") values ('242', 'Zapalenie blony sluzowej zoladka');
insert into Choroba ("ID", "Nazwa") values ('243', 'Zapalenie brzegow powiek');
insert into Choroba ("ID", "Nazwa") values ('244', 'Zapalenie cewki moczowej');
insert into Choroba ("ID", "Nazwa") values ('245', 'Zapalenie cewki moczowej u mezczyzn');
insert into Choroba ("ID", "Nazwa") values ('246', 'Zapalenie drog moczowych');
insert into Choroba ("ID", "Nazwa") values ('247', 'Zapalenie drog zolciowych');
insert into Choroba ("ID", "Nazwa") values ('248', 'Zapalenie dziasel');
insert into Choroba ("ID", "Nazwa") values ('249', 'Zapalenie gardla');
insert into Choroba ("ID", "Nazwa") values ('250', 'Zapalenie gesiej stopy');
